case_code,date,year,month,day,hour,zip_code,escalated,mobile,city,state,location_primary,school_level,offender_count,relationship,weapon_primary,weapon_pistol_tot,weapon_shotgun_tot,weapon_rifle_tot,weapon_tot,shot_tot,shot_tot_incl,shot_cit_tot,shot_le_tot,shot_guard_tot,wound_tot,wound_tot_incl,wound_cit_tot,wound_le_tot,wound_guard_tot,kill_tot,kill_tot_incl,kill_cit_tot,kill_le_tot,kill_guard_tot,resolution,resolved_pre_le,age_1,age_2,age_3,sex_1,sex_2,sex_3,race_1,race_2,race_3
1,2000-03-02,2000,Mar,Thu,11,15221,No,Yes,Wilkinsburg,PA,Business,,1,No relationship,Pistol,1,0,0,1,5,5,5,0,0,2,2,2,0,0,3,3,3,0,0,Fled,No,39,,,Male,,,African American,,
2,2000-04-28,2000,Apr,Fri,13,15228,No,Yes,Mount Lebanon,PA,Business,,1,No relationship,Pistol,1,0,0,1,5,6,5,0,0,2,0,2,0,0,4,6,4,0,0,Fled,Yes,34,,,Male,,,Caucasian,,
3,2000-12-26,2000,Dec,Tue,11,01880,No,No,Wakefield,MA,Business,,1,Coworker,Rifle,1,1,1,3,7,7,7,0,0,0,0,0,0,0,7,7,7,0,0,Surrendered,Yes,42,,,Male,,,Caucasian,,
4,2001-01-09,2001,Jan,Tue,12,77036,No,No,Houston,TX,Business,,1,No relationship,Pistol,2,0,0,2,3,4,3,0,0,0,0,0,0,0,3,4,3,0,0,Suicide after police arrival,No,54,,,Male,,,Asian,,
5,2001-01-10,2001,Jan,Wed,11,95975,No,Yes,Nevada County,CA,Other,,1,Indirect,Pistol,1,0,0,1,5,5,5,0,0,2,2,2,0,0,3,3,3,0,0,Fled,Yes,40,,,Male,,,Caucasian,,
6,2001-02-05,2001,Feb,Mon,9,60532,No,No,Melrose Park,IL,Business,,1,Other,Rifle,1,1,2,4,8,8,8,0,0,4,4,4,0,0,4,4,4,0,0,Suicide before police arrival,Yes,57,,,Male,,,Caucasian,,
7,2001-02-23,2001,Feb,Fri,23,93106,No,No,Isla Vista,CA,Outdoors,,1,No relationship,Vehicle,0,0,0,0,0,0,0,0,0,1,,1,0,0,4,,4,0,0,Subdued by police,No,18,,,Male,,,Caucasian,,
8,2001-03-05,2001,Mar,Mon,9,92071,No,No,Santee,CA,School,High school,1,Student,Pistol,1,0,0,1,15,15,15,0,0,13,13,13,0,0,2,2,2,0,0,Surrendered,No,15,,,Male,,,Caucasian,,
9,2001-03-22,2001,Mar,Thu,12,92021,No,No,El Cajon,CA,School,High school,1,Student,Shotgun,1,1,0,2,5,5,5,0,0,5,5,5,0,0,0,0,0,0,0,Shot by police,No,18,,,Male,,,Caucasian,,
10,2001-04-10,2001,Apr,Tue,18,07032,No,No,Kearny,NJ,Business,,1,Other,Knife,1,0,0,3,0,0,0,0,0,3,,3,0,0,0,,0,0,0,Shot by police,No,26,,,Male,,,African American,,
11,2001-04-13,2001,Apr,Fri,0,60123,Yes,No,Chicago,IL,Business,,1,No relationship,Shotgun,2,2,0,4,18,23,18,0,0,16,21,16,0,0,2,2,2,0,0,Subdued by citizens,Yes,42,,,Male,,,Caucasian,,
12,2001-04-23,2001,Apr,Mon,6,92410,No,No,San Jose,CA,Business,,1,Coworker,Pistol,1,0,0,1,4,4,4,0,0,3,3,3,0,0,1,1,1,0,0,Subdued by citizens,Yes,36,,,Female,,,Asian,,
14,2001-07-03,2001,Jul,Tue,23,81650,No,Yes,Rifle,CO,Outdoors,,1,No relationship,Pistol,1,0,0,1,7,7,7,0,0,3,3,3,0,0,4,4,4,0,0,Subdued by police,No,42,,,Male,,,Caucasian,,
15,2001-09-09,2001,Sep,Sun,23,95822,No,Yes,Sacramento,CA,Outdoors,,1,Coworker,Rifle,1,1,1,3,6,7,2,1,3,2,2,1,1,0,4,5,1,0,3,Suicide after police arrival,No,20,,,Male,,,Caucasian,,
16,2001-12-06,2001,Dec,Thu,14,46526,No,No,Goshen,IN,Business,,1,Other,Shotgun,0,1,0,1,7,7,7,0,0,6,6,6,0,0,1,1,1,0,0,Suicide before police arrival,Yes,36,,,Male,,,Caucasian,,
17,2002-01-16,2002,Jan,Wed,13,24614,No,No,Grundy,VA,School,University,1,Student,Pistol,1,0,0,1,6,6,6,0,0,3,3,3,0,0,3,3,3,0,0,Subdued by citizens,Yes,43,,,Male,,,African American,,
18,2002-03-22,2002,Mar,Fri,8,46628,No,No,South Bend,IN,Business,,1,Coworker,Rifle,0,1,1,2,9,9,6,3,0,5,5,2,3,0,4,4,4,0,0,Fled,Yes,54,,,Male,,,Caucasian,,
19,2002-05-31,2002,May,Fri,17,90802,No,No,Long Beach,CA,Business,,1,No relationship,Pistol,2,0,0,2,6,6,6,0,0,4,4,4,0,0,2,2,2,0,0,Shot by police,No,48,,,Male,,,Latino,,
20,2002-06-11,2002,Jun,Tue,8,64433,No,No,Conception,MO,Other,,1,No relationship,Rifle,0,0,2,2,4,4,4,0,0,2,2,2,0,0,2,2,2,0,0,Suicide before police arrival,Yes,71,,,Male,,,Caucasian,,
21,2002-07-04,2002,Jul,Thu,11,90045,No,No,Los Angeles,CA,Business,,1,No relationship,Pistol,2,0,0,3,3,4,3,0,0,2,2,1,0,1,2,2,2,0,0,Shot by security,No,43,,,Male,,,Middle Eastern,,
22,2002-10-26,2002,Oct,Sat,17,74955,No,Yes,Sallisaw,OK,Outdoors,,1,No relationship,Shotgun,0,1,0,1,10,10,10,0,0,8,8,8,0,0,2,2,2,0,0,Subdued by police,No,18,,,Male,,,Caucasian,,
23,2002-10-28,2002,Oct,Mon,8,85721,No,No,Tucson,AZ,School,University,1,Student,Pistol,5,0,0,5,3,3,3,0,0,0,0,0,0,0,3,3,3,0,0,Suicide before police arrival,Yes,41,,,Male,,,Latino,,
24,2003-02-25,2003,Feb,Tue,6,35816,No,No,Huntsville,AL,Business,,1,No relationship,Pistol,1,0,0,1,5,5,5,0,0,1,1,1,0,0,4,4,4,0,0,Fled,Yes,23,,,Male,,,African American,,
25,2003-04-24,2003,Apr,Thu,7,17356,No,No,Red Lion,PA,School,Middle school,1,Student,Pistol,3,0,0,3,1,1,1,0,0,0,0,0,0,0,1,1,1,0,0,Suicide before police arrival,Yes,14,,,Male,,,Caucasian,,
26,2003-05-09,2003,May,Fri,15,44106,No,No,Cleveland,OH,School,University,1,Student,Rifle,1,0,1,2,3,3,3,0,0,2,2,2,0,0,1,1,1,0,0,Subdued by police,No,62,,,Male,,,Asian,,
27,2003-07-01,2003,Jul,Tue,20,65101,No,Yes,Jefferson City,MO,Business,,1,Coworker,Pistol,1,0,0,1,8,8,8,0,0,5,5,5,0,0,3,3,3,0,0,Suicide after police arrival,No,25,,,Male,,,Caucasian,,
28,2003-07-08,2003,Jul,Tue,9,39301,No,No,Meridian,MS,Business,,1,Coworker,Rifle,0,1,1,2,14,14,14,0,0,8,8,8,0,0,6,6,6,0,0,Suicide before police arrival,Yes,48,,,Male,,,Caucasian,,
29,2003-07-17,2003,Jul,Thu,19,25311,No,No,Charleston,WV,Business,School board,1,Coworker,Rifle,2,0,2,4,1,1,1,0,0,1,1,1,0,0,0,0,0,0,0,Subdued by citizens,Yes,58,,,Male,,,Caucasian,,
30,2003-07-28,2003,Jul,Mon,11,33437,No,No,Boyton Beach,FL,Business,,1,Indirect,Pistol,1,0,0,1,3,3,3,0,0,0,0,0,0,0,3,3,3,0,0,Subdued by citizens,Yes,45,,,Male,,,Latino,,
31,2003-08-19,2003,Aug,Tue,8,44003,No,No,Andover,OH,Business,,1,Coworker,Pistol,4,0,0,4,3,3,3,0,0,2,2,2,0,0,1,1,1,0,0,Suicide before police arrival,Yes,32,,,Male,,,Caucasian,,
32,2003-08-27,2003,Aug,Wed,8,60616,No,No,Chicago,IL,Business,,1,Other,Pistol,1,0,0,1,0,6,0,0,0,0,0,0,0,0,6,6,6,0,0,Shot by police,No,36,,,Male,,,Latino,,
33,2003-09-24,2003,Sep,Wed,11,56320,No,No,Cold Spring,MN,School,High school,1,Student,Pistol,1,0,0,1,2,2,2,0,0,0,0,0,0,0,2,2,2,0,0,Subdued by citizens,Yes,15,,,Male,,,Caucasian,,
34,2003-10-24,2003,Oct,Fri,15,83822,Yes,No,Oldtown,ID,Business,,1,No relationship,Pistol,1,0,0,1,4,4,4,0,0,0,0,0,0,0,4,4,4,0,0,Fled,Yes,51,,,Male,,,Caucasian,,
35,2003-11-06,2003,Nov,Thu,9,45069,No,No,West Chester,OH,Business,,1,Other,Pistol,2,0,0,2,5,2,5,0,0,3,0,3,0,0,2,2,2,0,0,Fled,Yes,50,,,Male,,,Caucasian,,
36,2004-02-09,2004,Feb,Mon,10,12061,No,No,East Greenbush,NY,School,High school,1,Student,Shotgun,0,1,0,1,1,1,1,0,0,1,1,1,0,0,0,0,0,0,0,Subdued by citizens,Yes,16,,,Male,,,Caucasian,,
37,2004-07-02,2004,Jul,Fri,17,66106,No,No,Kansas City,KS,Business,,1,Coworker,Pistol,1,0,0,1,8,8,8,0,0,2,2,2,0,0,6,6,6,0,0,Suicide before police arrival,Yes,21,,,Male,,,African American,,
38,2004-11-18,2004,Nov,Thu,18,33713,No,No,St. Petersburg,FL,Business,,1,No relationship,Pistol,1,0,0,1,3,3,3,0,0,1,1,1,0,0,2,2,2,0,0,Suicide before police arrival,Yes,25,,,Male,,,Caucasian,,
39,2004-11-21,2004,Nov,Sun,12,54835,No,No,Meteor,WI,Outdoors,,1,No relationship,Rifle,0,0,1,1,8,8,8,0,0,2,2,2,0,0,6,6,6,0,0,Fled,Yes,36,,,Male,,,Asian,,
40,2004-12-08,2004,Dec,Wed,22,43229,No,No,Columbus,OH,Business,,1,No relationship,Pistol,1,0,0,1,6,6,6,0,0,3,3,3,0,0,3,3,3,0,0,Shot by police,No,25,,,Male,,,Caucasian,,
41,2005-01-26,2005,Jan,Wed,20,43601,No,No,Toledo,OH,Business,,1,Coworker,Shotgun,0,1,0,1,3,3,3,0,0,2,2,2,0,0,1,1,1,0,0,Suicide before police arrival,Yes,54,,,Male,,,Caucasian,,
42,2005-02-13,2005,Feb,Sun,15,12477,No,No,Kingston,NY,Business,,1,No relationship,Rifle,0,0,1,1,2,2,2,0,0,2,2,2,0,0,0,0,0,0,0,Subdued by citizens,Yes,25,,,Male,,,Caucasian,,
43,2005-03-12,2005,Mar,Sat,12,53005,No,No,Brookfield,WI,Other,,1,Other,Pistol,1,0,0,1,11,11,11,0,0,4,4,4,0,0,7,7,7,0,0,Suicide before police arrival,Yes,45,,,Male,,,Caucasian,,
44,2005-03-21,2005,Mar,Mon,14,56671,No,No,Red Lake,MN,School,High school,1,Student,Shotgun,2,1,0,3,13,15,12,0,1,6,6,6,0,0,7,9,6,0,1,Suicide after police arrival,No,16,,,Male,,,Other,,
45,2005-04-08,2005,Apr,Fri,8,20588,No,Yes,Eastern Shore,MD,Outdoors,,1,No relationship,Pistol,1,0,0,1,6,6,6,0,0,4,4,4,0,0,2,2,2,0,0,Subdued by police,No,22,,,Male,,,African American,,
46,2005-08-08,2005,Aug,Mon,14,92411,No,Yes,Colton,CA,Business,,1,No relationship,Pistol,1,0,0,1,6,6,6,0,0,3,3,3,0,0,3,3,3,0,0,Fled,Yes,35,,,Male,,,African American,,
47,2005-08-29,2005,Aug,Mon,8,75446,Yes,Yes,Sash,TX,Other,,1,No relationship,Pistol,2,0,0,2,4,4,4,0,0,0,0,0,0,0,4,4,4,0,0,Fled,Yes,54,,,Male,,,Caucasian,,
48,2005-10-07,2005,Oct,Fri,10,19152,Yes,Yes,Philadelphia,PA,Outdoors,,1,Indirect,Pistol,1,0,0,1,2,2,2,0,0,0,0,0,0,0,2,2,2,0,0,Suicide after police arrival,No,43,,,Male,,,Caucasian,,
49,2005-11-08,2005,Nov,Tue,14,37757,No,No,Jackboro,TN,School,High school,1,Student,Pistol,1,0,0,1,3,3,3,0,0,2,2,2,0,0,1,1,1,0,0,Subdued by citizens,Yes,14,,,Male,,,Caucasian,,
50,2005-11-20,2005,Nov,Sun,12,98409,No,No,Tacoma,WA,Business,,1,No relationship,Rifle,1,0,1,2,6,6,6,0,0,6,6,6,0,0,0,0,0,0,0,Subdued by police,No,20,,,Male,,,Latino,,
51,2005-11-22,2005,Nov,Tue,6,29860,Yes,Yes,North Augusta,SC,Outdoors,,1,No relationship,Rifle,0,0,1,1,3,3,3,0,0,2,2,2,0,0,1,1,1,0,0,Fled,Yes,,,,Male,,,Caucasian,,
52,2006-01-30,2006,Jan,Mon,19,93111,No,No,Goleta,CA,Business,,1,Other,Pistol,1,0,0,1,6,6,6,0,0,0,0,0,0,0,6,6,6,0,0,Suicide before police arrival,Yes,44,,,Female,,,Caucasian,,
53,2006-03-03,2006,Mar,Fri,12,27515,No,No,Chapel Hill,SC,School,University,1,Student,Vehicle,0,0,0,0,0,,0,0,0,9,,9,0,0,0,,0,0,0,Surrendered,Yes,22,,,Male,,,Middle Eastern,,
54,2006-03-14,2006,Mar,Tue,9,89502,No,No,Reno,NV,School,Middle school,1,Student,Pistol,1,0,0,1,2,2,2,0,0,2,2,2,0,0,0,0,0,0,0,Subdued by citizens,Yes,14,,,Male,,,Caucasian,,
55,2006-03-25,2006,Mar,Sat,7,98102,No,No,Seattle,WA,Other,,1,No relationship,Shotgun,1,1,0,2,8,8,8,0,0,2,2,2,0,0,6,6,6,0,0,Suicide after police arrival,No,28,,,Male,,,Caucasian,,
56,2006-04-19,2006,Apr,Wed,13,63133,No,No,St. Louis,MO,Business,,1,Other,Pistol,1,0,0,1,3,4,3,0,0,1,1,1,0,0,2,3,2,0,0,Suicide after police arrival,No,55,,,Male,,,Caucasian,,
57,2006-06-25,2006,Jun,Sun,15,80216,No,No,Denver,CO,Business,,1,Coworker,Pistol,1,0,0,1,6,6,5,1,0,5,5,4,1,0,1,1,1,0,0,Shot by police,No,22,,,Male,,,African American,,
58,2006-07-28,2006,Jul,Fri,16,98121,No,No,Seattle,WA,Other,,1,No relationship,Pistol,2,0,0,3,6,6,6,0,0,5,5,5,0,0,1,1,1,0,0,Surrendered,No,30,,,Male,,,Middle Eastern,,
59,2006-08-24,2006,Aug,Thu,13,05452,No,Yes,Essex,VT,School,Elementary school,1,Indirect,Pistol,1,0,0,1,3,4,3,0,0,2,2,2,0,0,1,2,1,0,0,Suicide before police arrival,Yes,26,,,Male,,,African American,,
60,2006-08-30,2006,Aug,Wed,13,27278,No,No,Hillsborough,NC,School,High school,1,Student,Rifle,0,1,2,3,1,3,1,0,0,1,2,1,0,0,0,1,0,0,0,Subdued by police,No,19,,,Male,,,Latino,,
61,2006-09-17,2006,Sep,Sun,2,15219,Yes,No,Pittsburgh,PA,School,University,2,No relationship,Pistol,2,0,0,2,5,5,5,0,0,5,5,5,0,0,0,0,0,0,0,Fled,Yes,19,18,,Male,,,African American,African American,
62,2006-09-29,2006,Sep,Fri,8,53924,No,No,Cazenovia,WI,School,High school,1,Student,Shotgun,1,1,0,2,1,1,1,0,0,0,1,0,0,0,1,0,1,0,0,Subdued by citizens,Yes,15,,,Male,,,Caucasian,,
63,2006-10-02,2006,Oct,Mon,10,17562,Yes,No,Bart Township,PA,School,K-12,1,No relationship,Rifle,1,1,1,3,10,10,10,0,0,5,5,5,0,0,5,5,5,0,0,Suicide after police arrival,No,32,,,Male,,,Caucasian,,
64,2006-10-09,2006,Oct,Mon,7,64802,No,No,Joplin,MO,School,Middle school,1,Student,Rifle,1,0,1,2,0,0,0,0,0,0,0,0,0,0,0,0,0,0,0,Subdued by citizens,Yes,13,,,Male,,,Caucasian,,
65,2007-02-12,2007,Feb,Mon,18,84102,No,No,Salt Lake CIty,UT,Business,,1,No relationship,Shotgun,1,1,0,2,9,9,9,0,0,4,4,4,0,0,5,5,5,0,0,Shot by police,No,18,,,Male,,,Caucasian,,
66,2007-02-12,2007,Feb,Mon,20,19112,No,No,Philadelphia,PA,Business,,1,Coworker,Rifle,1,0,1,2,4,4,4,0,0,1,1,1,0,0,3,3,3,0,0,Suicide after police arrival,No,44,,,Male,,,African American,,
67,2007-03-05,2007,Mar,Mon,9,90755,No,No,Signal Hill,CA,Business,,1,Coworker,Pistol,1,0,0,1,3,3,3,0,0,3,3,3,0,0,0,0,0,0,0,Suicide before police arrival,Yes,68,,,Male,,,Latino,,
68,2007-04-16,2007,Apr,Mon,7,24061,No,No,Blacksburg,VA,School,University,1,Student,Pistol,2,0,0,2,49,49,49,0,0,17,17,17,0,0,32,32,32,0,0,Suicide after police arrival,No,23,,,Male,,,Asian,,
69,2007-04-29,2007,Apr,Sun,15,64114,Yes,No,Kansas City,MO,Business,,1,No relationship,Rifle,0,0,1,1,10,10,9,1,0,8,8,7,1,0,2,2,2,0,0,Shot by police,No,51,,,Male,,,Caucasian,,
70,2007-05-19,2007,May,Sat,23,83843,No,Yes,Moscow,ID,Other,,1,No relationship,Rifle,0,0,2,2,6,6,3,3,0,4,3,2,2,0,2,3,1,1,0,Suicide after police arrival,No,36,,,Male,,,Caucasian,,
71,2007-08-08,2007,Aug,Wed,15,43551,No,No,Perrysburg,OH,Business,,1,Other,Rifle,2,0,2,4,2,2,2,0,0,0,0,0,0,0,2,2,2,0,0,Fled,Yes,43,,,Male,,,African American,,
72,2007-08-30,2007,Aug,Thu,7,10475,No,No,Bronx,NY,Business,,1,Other,Pistol,1,0,0,1,3,3,3,0,0,2,2,2,0,0,1,1,1,0,0,Fled,Yes,44,,,Male,,,Latino,,
73,2007-10-04,2007,Oct,Thu,14,71301,No,No,Alexandria,LA,Business,,1,Indirect,Pistol,1,0,0,1,5,5,5,0,0,3,3,3,0,0,2,2,2,0,0,Shot by police,No,63,,,Male,,,African American,,
74,2007-10-07,2007,Oct,Sun,2,54520,Yes,No,Crandon,WI,Other,,1,Indirect,Rifle,1,0,1,2,7,7,7,0,0,1,1,1,0,0,6,6,6,0,0,Suicide after police arrival,No,20,,,Male,,,Caucasian,,
75,2007-10-08,2007,Oct,Mon,7,93063,No,No,Simi Valley,CA,Business,,1,No relationship,Pistol,1,0,0,1,3,3,3,0,0,2,2,2,0,0,1,1,1,0,0,Suicide before police arrival,Yes,29,,,Male,,,Latino,,
76,2007-10-10,2007,Oct,Wed,13,44114,No,No,Cleveland,OH,School,High school,1,Student,Pistol,2,0,0,5,4,4,4,0,0,4,4,4,0,0,0,0,0,0,0,Suicide before police arrival,Yes,14,,,Male,,,Caucasian,,
77,2007-12-05,2007,Dec,Wed,13,68114,No,No,Omaha,NE,Business,,1,No relationship,Rifle,0,0,1,1,12,12,12,0,0,4,4,4,0,0,8,8,8,0,0,Suicide before police arrival,Yes,19,,,Male,,,Caucasian,,
78,2007-12-09,2007,Dec,Sun,0,80004,No,Yes,Arvada,CO,Other,,1,Other,Rifle,2,0,1,3,9,9,9,0,0,5,5,5,0,0,4,4,4,0,0,Shot by security,No,24,,,Male,,,Caucasian,,
79,2008-02-07,2008,Feb,Thu,19,63122,No,No,Kirkwood,MO,Other,,1,No relationship,Pistol,2,0,0,2,6,6,4,2,0,0,0,0,0,0,6,6,4,2,0,Shot by police,No,52,,,Male,,,African American,,
80,2008-02-08,2008,Feb,Fri,8,70809,No,No,Baton Rouge,LA,School,University,1,Student,Pistol,1,0,0,1,2,2,2,0,0,0,0,0,0,0,2,2,2,0,0,Suicide before police arrival,Yes,23,,,Female,,,African American,,
81,2008-02-14,2008,Feb,Thu,15,60115,No,No,DeKalb,IL,School,University,1,Student,Shotgun,3,1,0,4,18,21,18,0,0,13,16,13,0,0,5,5,5,0,0,Suicide before police arrival,Yes,27,,,Male,,,Caucasian,,
82,2008-03-03,2008,Mar,Mon,12,33401,No,No,W Palm Beach,FL,Business,,1,No relationship,Pistol,1,0,0,1,5,5,5,0,0,4,4,4,0,0,1,1,1,0,0,Suicide before police arrival,Yes,60,,,Male,,,African American,,
83,2008-03-18,2008,Mar,Tue,16,93454,No,No,Santa Maria,CA,Business,,1,Indirect,Pistol,1,0,0,1,4,4,4,0,0,0,0,0,0,0,4,4,4,0,0,Subdued by police,No,31,,,Male,,,Caucasian,,
84,2008-05-25,2008,May,Sun,2,89445,Yes,No,Winnemucca,NV,Business,,1,Indirect,Pistol,1,0,0,1,4,4,4,0,0,2,2,2,0,0,2,2,2,0,0,Shot by citizen,Yes,30,,,Male,,,Caucasian,,
85,2008-06-25,2008,Jun,Wed,0,42420,No,No,Henderson,KY,Business,,1,Coworker,Pistol,1,0,0,1,6,6,6,0,0,1,1,1,0,0,5,5,5,0,0,Suicide before police arrival,Yes,25,,,Male,,,Caucasian,,
86,2008-07-27,2008,Jul,Sun,10,37919,No,No,Knoxville,TN,Other,,1,No relationship,Shotgun,0,1,0,1,9,9,9,0,0,7,7,7,0,0,2,2,2,0,0,Subdued by citizens,Yes,58,,,Male,,,Caucasian,,
87,2008-09-02,2008,Sep,Tue,14,98232,No,Yes,Skagit County,WA,Outdoors,,1,No relationship,Rifle,0,0,1,1,10,10,8,2,0,4,4,3,1,0,6,6,5,1,0,Fled,No,28,,,Male,,,Caucasian,,
88,2009-01-24,2009,Jan,Sat,22,97201,No,No,Portland,OR,Business,,1,No relationship,Pistol,1,0,0,1,9,9,9,0,0,7,7,7,0,0,2,2,2,0,0,Suicide before police arrival,Yes,24,,,Male,,,Caucasian,,
89,2009-03-10,2009,Mar,Tue,16,36323,No,Yes,Coffee County,AL,Other,,1,Indirect,Rifle,1,1,2,4,11,11,10,1,0,2,1,1,1,0,10,10,10,0,0,Suicide after police arrival,No,28,,,Male,,,Caucasian,,
90,2009-03-29,2009,Mar,Sun,10,28327,No,No,Carthage,NC,Other,,1,Indirect,Rifle,2,1,1,4,11,11,10,1,0,3,3,2,1,0,8,8,8,0,0,Shot by police,No,45,,,Male,,,Caucasian,,
91,2009-04-03,2009,Apr,Fri,10,13905,No,No,Binghamton,NY,Business,,1,Indirect,Pistol,2,0,0,2,17,17,17,0,0,4,4,4,0,0,13,13,13,0,0,Suicide before police arrival,Yes,42,,,Male,,,Asian,,
92,2009-04-07,2009,Apr,Tue,19,92589,No,No,Temecula,CA,Other,,1,Coworker,Pistol,1,0,0,1,3,3,3,0,0,2,2,2,0,0,1,1,1,0,0,Subdued by citizens,Yes,69,,,Male,,,Asian,,
93,2009-04-26,2009,Apr,Sun,0,23668,No,No,Hampton,VA,School,University,1,Student,Pistol,3,0,0,3,2,2,2,0,0,2,2,2,0,0,0,0,0,0,0,Suicide before police arrival,Yes,18,,,Male,,,African American,,
94,2009-05-18,2009,May,Mon,9,70345,No,No,Cut Off,LA,School,Middle school,1,Student,Pistol,1,0,0,1,0,0,0,0,0,0,0,0,0,0,0,0,0,0,0,Suicide before police arrival,Yes,15,,,Male,,,Caucasian,,
95,2009-06-01,2009,Jun,Mon,10,72205,No,No,Little Rock,AR,Other,,1,No relationship,Rifle,1,0,2,3,2,2,2,0,0,1,1,1,0,0,1,1,1,0,0,Subdued by police,No,24,,,Male,,,African American,,
96,2009-06-10,2009,Jun,Wed,12,20024,No,No,Washington,DC,Other,,1,No relationship,Rifle,0,0,1,1,1,1,0,0,1,0,0,0,0,0,1,1,0,0,1,Shot by security,No,88,,,Male,,,Caucasian,,
97,2009-07-01,2009,Jul,Wed,10,93065,No,No,Simi Valley,CA,Other,,1,Indirect,Rifle,0,0,1,1,5,5,5,0,0,4,4,4,0,0,1,1,1,0,0,Subdued by police,No,30,,,Male,,,Latino,,
98,2009-07-25,2009,Jul,Sat,4,77090,Yes,No,Houston,TX,Business,,1,No relationship,Pistol,1,0,0,1,3,3,3,0,0,2,2,2,0,0,1,1,1,0,0,Fled,Yes,36,,,Male,,,African American,,
99,2009-08-04,2009,Aug,Tue,19,15017,No,No,Collier Township,PA,Business,,1,No relationship,Pistol,4,0,0,4,12,12,12,0,0,9,9,9,0,0,3,3,3,0,0,Suicide before police arrival,Yes,48,,,Male,,,Caucasian,,
100,2009-09-11,2009,Sep,Fri,7,48867,No,Yes,Owosso,MI,Outdoors,,1,No relationship,Pistol,3,0,0,3,2,2,2,0,0,0,0,0,0,0,2,2,2,0,0,Fled,Yes,33,,,Male,,,Caucasian,,
101,2009-11-05,2009,Nov,Thu,13,76544,No,No,Ft. Hood,TX,Other,,1,Coworker,Pistol,2,0,0,2,45,45,44,1,0,32,32,31,1,0,13,13,13,0,0,Shot by police,No,39,,,Male,,,Caucasian,,
102,2009-11-06,2009,Nov,Fri,11,32801,No,No,Orlando,FL,Business,,1,Other,Pistol,1,0,0,1,6,6,6,0,0,5,5,5,0,0,1,1,1,0,0,Fled,Yes,40,,,Male,,,Latino,,
103,2009-11-07,2009,Nov,Sat,19,81657,Yes,No,Vail,CO,Business,,1,No relationship,Pistol,1,0,0,1,4,4,4,0,0,3,3,3,0,0,1,1,1,0,0,Subdued by police,No,63,,,Male,,,Caucasian,,
104,2009-11-10,2009,Nov,Tue,11,97062,No,No,Tualatin,OR,Business,,1,Indirect,Rifle,1,1,1,3,3,3,3,0,0,2,2,2,0,0,1,1,1,0,0,Suicide before police arrival,Yes,39,,,Male,,,Caucasian,,
105,2009-11-29,2009,Nov,Sun,8,98422,No,No,Pierce County,WA,Business,,1,No relationship,Pistol,1,0,0,1,4,4,0,4,0,0,0,0,0,0,4,4,0,4,0,Shot by police,No,37,,,Male,,,African American,,
106,2009-12-23,2009,Dec,Wed,13,70739,No,No,Baton Rouge,LA,Business,,1,Other,Pistol,1,0,0,1,3,3,3,0,0,1,1,1,0,0,2,2,2,0,0,Subdued by citizens,Yes,53,,,Male,,,African American,,
107,2010-01-04,2010,Jan,Mon,8,89101,No,No,Las Vegas,NV,Other,,1,No relationship,Shotgun,0,1,0,1,2,2,1,1,0,1,1,0,1,0,1,1,1,0,0,Shot by police,No,66,,,Male,,,African American,,
108,2010-01-07,2010,Jan,Thu,6,63122,No,No,St. Louis,MO,Business,,1,Coworker,Rifle,2,1,1,4,8,8,8,0,0,5,5,5,0,0,3,3,3,0,0,Suicide before police arrival,Yes,51,,,Male,,,Caucasian,,
109,2010-01-12,2010,Jan,Tue,14,30144,No,No,Kennesaw,GA,Business,,1,Other,Pistol,1,0,0,1,5,5,5,0,0,2,2,2,0,0,3,3,3,0,0,Fled,Yes,60,,,Male,,,Caucasian,,
110,2010-01-14,2010,Jan,Thu,14,34601,No,No,Brooksville,FL,Other,,1,Indirect,Pistol,1,0,0,1,5,5,4,1,0,2,2,2,0,0,3,3,2,1,0,Shot by police,No,55,,,Male,,,Caucasian,,
111,2010-02-03,2010,Feb,Wed,12,61455,No,No,Macomb,IL,Business,,1,No relationship,Rifle,0,0,1,1,0,0,0,0,0,0,0,0,0,0,0,0,0,0,0,Suicide after police arrival,No,19,,,Male,,,Caucasian,,
112,2010-02-10,2010,Feb,Wed,12,37912,No,No,Knoxville,TN,School,Elementary school,1,Coworker,Pistol,1,0,0,1,2,2,2,0,0,2,2,2,0,0,0,0,0,0,0,Subdued by police,No,48,,,Male,,,Caucasian,,
113,2010-02-12,2010,Feb,Fri,16,35899,No,No,Huntsville,AL,School,University,1,Coworker,Pistol,1,0,0,1,6,6,6,0,0,3,3,3,0,0,3,3,3,0,0,Surrendered,No,44,,,Female,,,Caucasian,,
114,2010-02-23,2010,Feb,Tue,15,80128,No,No,Littleton,CO,School,Middle school,1,No relationship,Rifle,0,0,1,1,2,2,2,0,0,2,2,2,0,0,0,0,0,0,0,Subdued by citizens,Yes,32,,,Male,,,Other,,
115,2010-03-04,2010,Mar,Thu,18,20301,No,No,Arlington,VA,Other,,1,No relationship,Pistol,2,0,0,2,2,2,0,2,0,2,2,0,2,0,0,0,0,0,0,Shot by police,No,36,,,Male,,,Caucasian,,
116,2010-03-09,2010,Mar,Tue,3,43218,No,No,Columbus,OH,School,University,1,Other,Pistol,2,0,0,2,2,2,2,0,0,1,1,1,0,0,1,1,1,0,0,Suicide before police arrival,Yes,50,,,Male,,,African American,,
117,2010-03-30,2010,Mar,Tue,12,34688,No,No,Tarpon Springs,FL,Business,,1,Other,Pistol,1,0,0,1,1,1,1,0,0,0,0,0,0,0,1,1,1,0,0,Shot by police,No,41,,,Female,,,Asian,,
118,2010-04-19,2010,Apr,Mon,16,37923,No,No,Knoxville,TN,Other,,1,Indirect,Pistol,1,0,0,1,3,3,3,0,0,2,2,2,0,0,1,1,1,0,0,Suicide before police arrival,Yes,38,,,Male,,,African American,,
119,2010-04-20,2010,Apr,Tue,21,76301,No,Yes,Wichita Falls,TX,Business,,1,No relationship,Pistol,1,0,0,1,5,5,5,0,0,4,4,4,0,0,1,1,1,0,0,Fled,Yes,22,,,Male,,,Caucasian,,
120,2010-05-07,2010,May,Fri,22,07003,No,No,Bloomfield,NJ,Outdoors,,1,No relationship,Pistol,1,0,0,1,1,1,1,0,0,1,1,1,0,0,0,0,0,0,0,Shot by police,No,17,,,Male,,,African American,,
121,2010-05-17,2010,May,Mon,11,80301,No,No,Boulder,CO,Business,,1,Coworker,Pistol,1,0,0,1,2,2,2,0,0,0,0,0,0,0,2,2,2,0,0,Suicide before police arrival,Yes,50,,,Male,,,Caucasian,,
122,2010-05-27,2010,May,Thu,13,13417,No,No,New York Mills,NY,Business,,1,No relationship,Pistol,1,0,0,1,1,1,1,0,0,1,1,1,0,0,0,0,0,0,0,Shot by off duty officer,Yes,79,,,Male,,,Caucasian,,
123,2010-06-06,2010,Jun,Sun,22,33013,No,No,Hialeah,FL,Business,,1,Indirect,Pistol,1,0,0,1,7,7,7,0,0,3,3,3,0,0,4,4,4,0,0,Fled,Yes,37,,,Male,,,African American,,
124,2010-07-12,2010,Jul,Mon,9,87123,No,No,Albuquerque,NM,Business,,1,Indirect,Pistol,1,0,0,1,6,6,6,0,0,4,4,4,0,0,2,2,2,0,0,Suicide before police arrival,Yes,37,,,Male,,,Caucasian,,
125,2010-08-03,2010,Aug,Tue,7,06042,No,No,Manchester,CT,Business,,1,Coworker,Pistol,2,0,0,2,10,10,10,0,0,2,2,2,0,0,8,8,8,0,0,Suicide after police arrival,No,34,,,Male,,,African American,,
126,2010-09-09,2010,Sep,Thu,20,15222,No,No,Philadelphia,PA,Business,,1,Coworker,Pistol,1,0,0,1,3,3,3,0,0,1,1,1,0,0,2,2,2,0,0,Subdued by police,No,43,,,Female,,,African American,,
127,2010-09-20,2010,Sep,Mon,15,79900,No,No,El Paso,TX,Other,,1,No relationship,Pistol,1,0,0,1,2,2,2,0,0,1,1,1,0,0,1,1,1,0,0,Shot by police,No,63,,,Male,,,,,
128,2010-09-22,2010,Sep,Wed,21,68333,No,No,Crete,NE,Business,,1,Coworker,Pistol,1,0,0,1,3,3,3,0,0,3,3,3,0,0,0,0,0,0,0,Suicide before police arrival,Yes,26,,,Male,,,African American,,
129,2010-10-04,2010,Oct,Mon,16,32601,No,Yes,Gainesville,FL,Outdoors,,1,No relationship,Pistol,1,0,0,1,5,6,5,0,0,5,5,5,0,0,0,1,0,0,0,Suicide before police arrival,Yes,24,,,Male,,,African American,,
130,2010-10-08,2010,Oct,Fri,12,92009,No,No,Carlsbad,CA,School,Elementary school,1,No relationship,Pistol,1,0,0,1,2,2,2,0,0,2,2,2,0,0,0,0,0,0,0,Subdued by citizens,Yes,41,,,Male,,,Caucasian,,
131,2010-10-13,2010,Oct,Wed,6,20018,No,No,Washington,DC,Business,,1,Other,Pistol,1,0,0,1,2,2,2,0,0,1,1,1,0,0,1,1,1,0,0,Fled,Yes,,,,Male,,,,,
132,2010-10-29,2010,Oct,Fri,8,89502,No,No,Reno,NV,Business,,1,Coworker,Pistol,2,0,0,2,3,3,3,0,0,3,3,3,0,0,0,0,0,0,0,Surrendered,No,45,,,Male,,,Caucasian,,
133,2010-12-14,2010,Dec,Tue,14,32401,No,No,Panama City,FL,Business,School board,1,Indirect,Pistol,1,0,0,1,0,0,0,0,0,0,0,0,0,0,0,0,0,0,0,Shot by security,Yes,56,,,Male,,,Caucasian,,
134,2011-01-05,2011,Jan,Wed,12,68137,No,No,Omaha,NE,School,High school,1,Student,Pistol,1,0,0,1,2,2,2,0,0,1,1,1,0,0,1,1,1,0,0,Fled,Yes,17,,,Male,,,African American,,
135,2011-01-08,2011,Jan,Sat,10,85737,No,No,Tucson,AZ,Outdoors,,1,No relationship,Pistol,1,0,0,2,19,19,19,0,0,13,13,13,0,0,6,6,6,0,0,Subdued by citizens,Yes,22,,,Male,,,Caucasian,,
136,2011-02-06,2011,Feb,Sun,2,44555,Yes,No,Youngstown,OH,Other,,2,No relationship,Pistol,2,0,0,2,12,12,12,0,0,11,11,11,0,0,1,1,1,0,0,Fled,Yes,20,22,,Male,,,African American,African American,
137,2011-04-08,2011,Apr,Fri,23,19013,No,No,Chester,PA,Business,,1,No relationship,Pistol,1,0,0,1,10,10,10,0,0,8,8,8,0,0,2,2,2,0,0,Subdued by citizens,Yes,16,,,Male,,,African American,,
138,2011-06-02,2011,Jun,Thu,5,85364,No,Yes,Yuma,AZ,Outdoors,,1,Indirect,Pistol,1,0,0,1,6,6,6,0,0,1,1,1,0,0,5,5,5,0,0,Fled,Yes,73,,,Male,,,Caucasian,,
139,2011-07-07,2011,Jul,Thu,14,49525,No,Yes,Grand Rapids,MI,Other,,1,Indirect,Pistol,1,0,0,1,2,9,2,0,0,2,2,2,0,0,0,7,0,0,0,Suicide after police arrival,No,34,,,Male,,,African American,,
140,2011-08-07,2011,Aug,Sun,10,44203,No,Yes,Copley Township,OH,Other,,1,Indirect,Pistol,2,0,0,2,1,8,1,0,0,0,1,0,0,0,1,7,1,0,0,Shot by police,No,51,,,Male,,,Caucasian,,
141,2011-08-27,2011,Aug,Sat,0,11428,Yes,No,Queens,NY,Other,,2,No relationship,Pistol,2,0,0,2,11,11,11,0,0,11,11,11,0,0,0,0,0,0,0,Fled,Yes,22,,,Male,,,African American,,
142,2011-09-06,2011,Sep,Tue,8,89701,No,No,Carson City,NV,Business,,1,No relationship,Rifle,0,0,1,1,11,11,11,0,0,7,7,7,0,0,4,4,4,0,0,Suicide before police arrival,Yes,32,,,Male,,,Latino,,
143,2011-09-13,2011,Sep,Tue,15,66743,No,No,Girard,KS,Other,,1,No relationship,Rifle,3,0,1,4,1,1,1,0,0,1,1,1,0,0,0,0,0,0,0,Shot by police,No,48,,,Male,,,Caucasian,,
144,2011-10-05,2011,Oct,Wed,4,95015,No,No,Cupertino,CA,Business,,1,Coworker,Rifle,1,1,2,4,10,10,10,0,0,7,7,7,0,0,3,3,3,0,0,Shot by police,No,49,,,Male,,,African American,,
145,2011-10-12,2011,Oct,Wed,13,90720,No,No,Seal Beach,CA,Business,,1,Indirect,Pistol,3,0,0,3,8,8,8,0,0,1,1,1,0,0,7,7,7,0,0,Fled,Yes,41,,,Male,,,Caucasian,,
146,2011-12-16,2011,Dec,Fri,13,91006,No,No,Irwindale,CA,Business,,1,Coworker,Pistol,1,0,0,1,4,4,4,0,0,2,2,2,0,0,2,2,2,0,0,Suicide before police arrival,Yes,48,,,Male,,,African American,,
147,2012-01-13,2012,Jan,Fri,6,27356,No,No,Star,NC,Business,,1,Coworker,Shotgun,0,1,0,1,4,4,4,0,0,1,1,1,0,0,3,3,3,0,0,Fled,Yes,50,,,Male,,,Caucasian,,
148,2012-02-08,2012,Feb,Wed,9,10940,No,No,Middletown,NY,Other,,1,No relationship,Shotgun,0,1,0,1,1,1,0,1,0,1,1,0,1,0,0,0,0,0,0,Shot by police,No,43,,,Male,,,Caucasian,,
149,2012-02-27,2012,Feb,Mon,7,44024,No,No,Chardon,OH,School,High school,1,Student,Pistol,1,0,0,1,6,6,6,0,0,3,3,3,0,0,3,3,3,0,0,Subdued by citizens,Yes,17,,,Male,,,Caucasian,,
150,2012-03-08,2012,Mar,Thu,13,15213,No,No,Pittsburgh,PA,Other,,1,Indirect,Pistol,2,0,0,2,8,8,7,1,0,7,7,6,1,0,1,1,1,0,0,Shot by police,No,30,,,Male,,,Caucasian,,
151,2012-03-23,2012,Mar,Fri,15,27701,No,No,Durham,NC,Business,,1,No relationship,Pistol,1,0,0,1,4,4,4,0,0,2,2,2,0,0,2,2,2,0,0,Fled,Yes,24,,,Male,,,African American,,
152,2012-04-02,2012,Apr,Mon,10,94621,No,No,Oakland,CA,School,University,1,Student,Pistol,1,0,0,1,10,10,10,0,0,3,3,3,0,0,7,7,7,0,0,Fled,Yes,43,,,Male,,,Asian,,
153,2012-04-06,2012,Apr,Fri,1,74001,No,Yes,Tulsa,OK,Outdoors,,2,No relationship,Pistol,2,0,0,2,5,5,5,0,0,2,2,2,0,0,3,3,3,0,0,Fled,Yes,19,32,,Male,Male,,Caucasian,Asian,
154,2012-05-30,2012,May,Wed,10,98122,No,No,Seattle,WA,Business,,1,No relationship,Pistol,2,0,0,2,5,5,5,0,0,0,0,0,0,0,5,5,5,0,0,Fled,Yes,40,,,Male,,,Caucasian,,
155,2012-07-17,2012,Jul,Tue,0,35487,No,Yes,Tuscaloosa,AL,Outdoors,,1,No relationship,Rifle,0,0,1,1,18,18,18,0,0,18,18,18,0,0,0,0,0,0,0,Fled,Yes,44,,,Male,,,Caucasian,,
156,2012-07-20,2012,Jul,Fri,0,80012,No,No,Aurora,CO,Business,,1,No relationship,Rifle,1,1,1,3,70,70,70,0,0,58,58,58,0,0,12,12,12,0,0,Subdued by police,No,24,,,Male,,,Caucasian,,
157,2012-08-05,2012,Aug,Sun,10,53154,No,No,Oak Creek,WI,Other,,1,No relationship,Pistol,1,0,0,1,10,10,9,1,0,4,4,3,1,0,6,6,6,0,0,Shot by police,No,40,,,Male,,,Caucasian,,
158,2012-08-27,2012,Aug,Mon,10,21204,Yes,No,Baltimore,MD,School,High school,1,Student,Shotgun,0,1,0,1,1,1,1,0,0,1,1,1,0,0,0,0,0,0,0,Subdued by citizens,Yes,15,,,Male,,,Caucasian,,
159,2012-08-31,2012,Aug,Fri,4,08857,No,No,Old Bridge,NJ,Business,,1,Coworker,Rifle,1,0,1,2,2,2,2,0,0,0,0,0,0,0,2,2,2,0,0,Suicide before police arrival,Yes,23,,,Male,,,African American,,
160,2012-09-27,2012,Sep,Thu,16,55405,No,No,Minneapolis,MN,Business,,1,Other,Pistol,1,0,0,1,8,8,8,0,0,2,2,2,0,0,6,6,6,0,0,Suicide before police arrival,Yes,36,,,Male,,,Caucasian,,
161,2012-10-18,2012,Oct,Thu,11,32707,No,No,Casselbury,FL,Business,,1,Indirect,Pistol,1,0,0,1,4,4,4,0,0,1,1,1,0,0,3,3,3,0,0,Fled,Yes,36,,,Male,,,African American,,
162,2012-10-21,2012,Oct,Sun,11,53005,No,No,Brookfield,WI,Business,,1,Indirect,Pistol,1,0,0,1,7,7,7,0,0,4,4,4,0,0,3,3,3,0,0,Suicide before police arrival,Yes,45,,,Male,,,African American,,
163,2012-11-06,2012,Nov,Tue,8,93706,No,No,Fresno,CA,Business,,1,Coworker,Pistol,1,0,0,1,4,4,4,0,0,2,2,2,0,0,2,2,2,0,0,Suicide before police arrival,Yes,42,,,Male,,,African American,,
164,2012-12-11,2012,Dec,Tue,15,97086,No,No,Happy Valley,OR,Business,,1,No relationship,Rifle,0,0,1,1,3,3,3,0,0,1,1,1,0,0,2,2,2,0,0,Suicide before police arrival,Yes,22,,,Male,,,Caucasian,,
165,2012-12-14,2012,Dec,Fri,9,06470,No,No,Newtown,CT,School,Elementary school,1,Student,Rifle,2,0,1,3,28,29,28,0,0,2,2,2,0,0,26,27,26,0,0,Suicide after police arrival,No,20,,,Male,,,Caucasian,,
166,2012-12-15,2012,Dec,Sat,4,35205,No,No,Birmingham,AL,Other,,1,No relationship,Pistol,1,0,0,1,3,3,2,1,0,3,3,2,1,0,0,0,0,0,0,Shot by police,No,38,,,Male,,,Caucasian,,
167,2012-12-21,2012,Dec,Fri,8,16648,No,Yes,Frankstown,PA,Outdoors,,1,No relationship,Pistol,2,0,0,2,6,6,3,3,0,3,3,0,3,0,3,3,3,0,0,Shot by police,No,44,,,Male,,,Caucasian,,
168,2013-01-10,2013,Jan,Thu,8,36104,No,No,Taft,CA,School,High school,1,Student,Shotgun,0,1,0,1,2,2,2,0,0,2,2,2,0,0,0,0,0,0,0,Subdued by citizens,Yes,16,,,Male,,,Caucasian,,
169,2013-01-30,2013,Jan,Wed,10,93268,No,No,Phoenix,AZ,Business,,1,No relationship,Rifle,2,0,1,3,3,3,3,0,0,1,1,1,0,0,2,2,2,0,0,Fled,Yes,70,,,Male,,,Caucasian,,
170,2013-02-19,2013,Feb,Tue,4,85004,No,Yes,Ladera Ranch,CA,Outdoors,,1,No relationship,Pistol,1,0,0,1,7,8,7,0,0,5,5,5,0,0,2,3,2,0,0,Suicide before police arrival,Yes,20,,,Male,,,Middle Eastern,,
171,2013-03-13,2013,Mar,Wed,9,92688,No,Yes,Herkimer,NY,Business,,1,No relationship,Shotgun,0,1,0,1,6,6,6,0,0,2,2,2,0,0,4,4,4,0,0,Shot by police,No,64,,,Male,,,Caucasian,,
172,2013-04-09,2013,Apr,Tue,11,13350,No,No,Cypress,TX,School,Community college,1,Student,Knife,0,0,0,1,0,0,0,0,0,14,,14,0,0,0,,0,0,0,Subdued by citizens,Yes,20,,,Male,,,Caucasian,,
173,2013-04-12,2013,Apr,Fri,13,77410,No,No,Christianburg,VA,School,Community college,1,Student,Pistol,1,0,0,1,2,2,2,0,0,2,2,2,0,0,0,0,0,0,0,Subdued by citizens,Yes,22,,,Male,,,Caucasian,,
174,2013-04-21,2013,Apr,Sun,21,24068,No,No,Federal Way,WA,Other,,1,Indirect,Shotgun,1,1,0,2,3,4,3,0,0,0,0,0,0,0,3,4,3,0,0,Shot by police,No,27,,,Male,,,African American,,
175,2013-05-26,2013,May,Sun,4,98003,No,Yes,Brady,TX,Outdoors,,1,No relationship,Rifle,1,0,1,2,6,7,5,1,0,5,5,4,1,0,1,2,1,0,0,Shot by police,No,23,,,Male,,,Caucasian,,
176,2013-06-07,2013,Jun,Fri,11,76825,No,No,Santa Monica,CA,School,Community college,1,Student,Rifle,1,0,1,2,7,9,7,0,0,4,4,4,0,0,3,5,3,0,0,Shot by police,No,23,,,Male,,,Caucasian,,
177,2013-06-21,2013,Jun,Fri,11,90401,No,Yes,Greenville,NC,Outdoors,,1,No relationship,Shotgun,0,1,0,1,4,4,4,0,0,4,4,4,0,0,0,0,0,0,0,Shot by police,No,23,,,Male,,,African American,,
178,2013-07-26,2013,Jul,Fri,18,27834,No,No,Hialeah,FL,Other,,1,No relationship,Pistol,1,0,0,1,6,6,6,0,0,0,0,0,0,0,6,6,6,0,0,Shot by police,No,42,,,Male,,,Latino,,
179,2013-08-05,2013,Aug,Mon,19,33012,No,No,Saylorsburg,PA,Other,,1,No relationship,Rifle,1,0,1,2,5,5,5,0,0,2,2,2,0,0,3,3,3,0,0,Subdued by citizens,Yes,59,,,Male,,,Caucasian,,
180,2013-08-24,2013,Aug,Sat,9,18353,No,Yes,Lake Butler,FL,Outdoors,,1,Other,Rifle,0,1,1,2,4,4,4,0,0,2,2,2,0,0,2,2,2,0,0,Fled,Yes,72,,,Male,,,African American,,
181,2013-09-04,2013,Sep,Wed,7,32054,Yes,No,Spring,TX,School,High school,1,Student,Knife,0,0,0,1,0,0,0,0,0,3,,3,0,0,1,,1,0,0,Subdued by police,No,17,,,Male,,,Latino,,
182,2013-09-16,2013,Sep,Mon,8,77373,No,No,Navy Yard,DC,Business,,1,Other,Shotgun,1,1,0,2,19,19,16,2,1,7,7,5,2,0,12,12,11,0,1,Shot by police,No,34,,,Male,,,African American,,
183,2013-10-21,2013,Oct,Mon,7,20003,No,No,Sparks,NV,School,Middle school,1,Student,Pistol,1,0,0,1,3,3,3,0,0,2,2,2,0,0,1,1,1,0,0,Suicide before police arrival,Yes,12,,,Male,,,Latino,,
184,2013-10-26,2013,Oct,Sat,11,89431,No,Yes,Albuquerque,NM,Outdoors,,1,No relationship,Rifle,3,0,2,5,4,4,0,4,0,4,4,0,4,0,0,0,0,0,0,Shot by police,No,35,,,Male,,,Caucasian,,
185,2013-11-01,2013,Nov,Fri,9,87101,No,No,LAX,LA,Business,,1,No relationship,Rifle,0,0,1,1,4,4,1,0,3,3,3,1,0,2,1,1,0,0,1,Shot by police,No,23,,,Male,,,Caucasian,,
186,2013-12-13,2013,Dec,Fri,12,90017,No,No,Centennial,CO,School,High school,1,Student,Shotgun,0,1,0,2,1,1,1,0,0,0,0,0,0,0,1,1,1,0,0,Suicide after police arrival,No,18,,,Male,,,Caucasian,,
187,2013-12-17,2013,Dec,Tue,14,80122,No,No,Reno,NV,Other,,1,No relationship,Shotgun,2,1,0,3,3,3,3,0,0,2,2,2,0,0,1,1,1,0,0,Suicide after police arrival,No,51,,,Male,,,Caucasian,,
188,2013-12-28,2013,Dec,Sat,1,89503,Yes,No,Montgomery,AL,Business,,3,No relationship,Pistol,3,0,0,3,8,8,8,0,0,5,5,5,0,0,3,3,3,0,0,Fled,Yes,21,23,25,Male,Male,Male,African American,African American,African American
189,2014-01-14,2014,Jan,Tue,7,88202,No,No,Roswell,NM,School,Middle school,1,Student,Shotgun,0,1,0,1,3,3,2,0,1,3,3,2,0,1,0,0,0,0,0,Subdued by citizens,Yes,12,,,Male,,,Caucasian,,
190,2014-01-16,2014,Jan,Thu,22,46514,No,No,Elkhart,IN,Business,,1,No relationship,Pistol,1,0,0,1,2,2,2,0,0,0,0,0,0,0,2,2,2,0,0,Shot by police,No,22,,,Male,,,Caucasian,,
191,2014-01-25,2014,Jan,Sat,11,21044,No,No,Columbia,MD,Business,,1,No relationship,Shotgun,0,1,0,1,3,7,3,0,0,1,5,1,0,0,2,2,2,0,0,Suicide before police arrival,Yes,19,,,Male,,,Caucasian,,
192,2014-02-20,2014,Feb,Thu,15,96101,No,No,Alturas,CA,Business,,1,No relationship,Pistol,1,0,0,1,6,6,6,0,0,2,2,2,0,0,4,4,4,0,0,Subdued by citizens,Yes,44,,,Female,,,Other,,
193,2014-04-02,2014,Apr,Wed,16,76543,No,No,Ft. Hood,TX,Other,,1,Coworker,Pistol,1,0,0,1,15,15,15,0,0,12,12,12,0,0,3,3,3,0,0,Suicide after police arrival,No,34,,,Male,,,Caucasian,,
194,2014-04-09,2014,Apr,Wed,7,15626,No,No,Murrysville,PA,School,High school,1,Student,Knife,0,0,0,2,0,0,0,0,0,21,,20,0,1,0,,0,0,0,Subdued by citizens,Yes,16,,,Male,,,Caucasian,,
195,2014-04-13,2014,Apr,Sun,13,66209,No,No,Overland Park,KS,Other,,1,No relationship,Shotgun,2,1,0,3,3,3,3,0,0,0,0,0,0,0,3,3,3,0,0,Fled,Yes,73,,,Male,,,Caucasian,,
196,2014-04-29,2014,Apr,Tue,5,30144,No,No,Kennesaw,GA,Business,,1,Coworker,Shotgun,0,1,0,1,6,6,5,0,1,6,6,5,0,1,0,0,0,0,0,Suicide before police arrival,Yes,19,,,Male,,,Caucasian,,
197,2014-05-03,2014,May,Sat,13,72401,No,Yes,Jonesboro,AR,Other,,1,No relationship,Pistol,1,0,0,1,1,7,1,0,0,0,4,0,0,0,1,3,1,0,0,Fled,Yes,40,,,Male,,,Latino,,
198,2014-05-23,2014,May,Fri,21,93106,No,Yes,Santa Barbara,CA,Outdoors,University,1,Student,Pistol,3,0,0,5,10,20,10,0,0,14,14,14,0,0,3,6,3,0,0,Suicide after police arrival,No,22,,,Male,,,Caucasian,,
199,2014-06-05,2014,Jun,Thu,15,98119,No,No,Seattle,WA,School,University,1,No relationship,Shotgun,0,1,0,1,4,4,4,0,0,3,3,3,0,0,1,1,1,0,0,Subdued by citizens,Yes,26,,,Male,,,Latino,,
200,2014-06-06,2014,Jun,Fri,10,30040,No,No,Cumming,GA,Other,,1,No relationship,Rifle,3,0,1,4,1,1,0,1,0,1,1,0,1,0,0,0,0,0,0,Shot by police,No,48,,,Male,,,Caucasian,,
201,2014-06-08,2014,Jun,Sun,11,89110,No,Yes,Las Vegas,NV,Business,,2,No relationship,Shotgun,4,1,0,7,3,3,1,2,0,0,0,0,0,0,3,3,1,2,0,Shot by police,No,31,22,,Male,Female,,Caucasian,Asian,
202,2014-06-10,2014,Jun,Tue,8,97214,No,No,Portland,OR,School,High school,1,Student,Rifle,1,0,1,2,2,2,2,0,0,1,1,1,0,0,1,1,1,0,0,Suicide after police arrival,No,15,,,Male,,,Caucasian,,
203,2014-07-24,2014,Jul,Thu,14,19023,No,No,Darby,PA,Other,,1,Indirect,Pistol,1,0,0,1,2,2,2,0,0,1,1,1,0,0,1,1,1,0,0,Shot by citizen,Yes,49,,,Male,,,Caucasian,,
204,2014-08-02,2014,Aug,Sat,18,85929,No,Yes,Pinetop,AZ,Business,,1,No relationship,Rifle,0,0,1,1,2,2,1,0,1,2,2,1,0,1,0,0,0,0,0,Shot by police,No,28,,,Male,,,Caucasian,,
205,2014-09-23,2014,Sep,Tue,9,35242,No,No,Birmingham,AL,Business,,1,Other,Pistol,1,0,0,1,0,2,0,0,0,0,0,0,0,0,2,2,2,0,0,Suicide before police arrival,Yes,45,,,Male,,,Caucasian,,
206,2014-10-24,2014,Oct,Fri,10,98259,No,No,Marysville,WA,School,High school,1,Student,Pistol,1,0,0,1,6,7,6,0,0,2,3,2,0,0,4,4,4,0,0,Suicide before police arrival,Yes,15,,,Male,,,Other,,
207,2014-11-20,2014,Nov,Thu,0,32306,No,No,Tallahassee,FL,School,University,1,Student,Pistol,1,0,0,1,3,3,3,0,0,3,3,3,0,0,0,0,0,0,0,Shot by police,No,31,,,Male,,,African American,,
208,2014-11-22,2014,Nov,Sat,10,32301,No,No,Tallahassee,FL,Outdoors,,1,No relationship,Pistol,1,0,0,1,2,2,0,2,0,1,1,0,1,0,1,1,0,1,0,Shot by off duty officer,No,53,,,Male,,,Caucasian,,
209,2014-11-28,2014,Nov,Fri,2,78741,No,Yes,Austin,TX,Outdoors,,1,No relationship,Rifle,1,0,1,2,0,0,0,0,0,0,0,0,0,0,0,0,0,0,0,Shot by police,No,49,,,Male,,,Caucasian,,
210,2015-01-10,2015,Jan,Sat,14,83843,No,Yes,Moscow,ID,Business,,1,No relationship,Rifle,4,0,1,5,3,4,3,0,0,1,1,1,0,0,2,3,2,0,0,Fled,Yes,29,,,Male,,,Asian,,
211,2015-01-17,2015,Jan,Sat,9,32904,No,No,Melbourne,FL,Business,,1,Indirect,Pistol,3,0,0,3,2,2,2,0,0,1,1,1,0,0,1,1,1,0,0,Suicide before police arrival,Yes,57,,,Male,,,Latino,,
212,2015-01-26,2015,Jan,Mon,19,55427,No,No,New Hope,MN,Other,,1,No relationship,Shotgun,0,1,0,1,2,4,0,2,0,2,4,0,2,0,0,0,0,0,0,Shot by police,No,68,,,Male,,,Caucasian,,
213,2015-02-07,2015,Feb,Sat,19,15140,No,No,Monroeville,PA,Business,,1,No relationship,Pistol,1,0,0,1,3,3,3,0,0,3,3,3,0,0,0,0,0,0,0,Fled,Yes,17,,,Male,,,African American,,
214,2015-02-12,2015,Feb,Thu,14,57039,Yes,No,Lennox,SD,Business,,1,Coworker,Pistol,1,0,0,1,3,3,3,0,0,1,2,1,0,0,1,1,1,0,0,Fled,Yes,51,,,Male,,,Caucasian,,
215,2015-03-14,2015,Mar,Sat,2,78230,Yes,No,San Antonio,TX,Business,,1,No relationship,Pistol,1,0,0,1,2,2,2,0,0,2,2,2,0,0,0,0,0,0,0,Shot by police,No,29,,,Male,,,Latino,,
216,2015-03-18,2015,Mar,Wed,8,85202,No,Yes,Mesa,AZ,Business,,1,No relationship,Pistol,1,0,0,1,6,6,6,0,0,5,5,5,0,0,1,1,1,0,0,Fled,Yes,41,,,Male,,,Caucasian,,
217,2015-03-28,2015,Mar,Sat,0,32408,Yes,No,Panama City Beach,FL,Other,,1,No relationship,Pistol,1,0,0,1,7,7,7,0,0,7,7,7,0,0,0,0,0,0,0,Fled,Yes,22,,,Male,,,African American,,
218,2015-04-19,2015,Apr,Sun,23,60657,No,No,Chicago,IL,Outdoors,,1,No relationship,Pistol,1,0,0,1,0,0,0,0,0,0,0,0,0,0,0,0,0,0,0,Shot by citizen,Yes,22,,,Male,,,Latino,,
219,2015-05-03,2015,May,Sun,19,54952,No,No,Menasha,WI,Outdoors,,1,No relationship,Pistol,2,0,0,2,4,4,4,0,0,1,1,1,0,0,3,3,3,0,0,Suicide before police arrival,Yes,27,,,Male,,,Latino,,
220,2015-05-26,2015,May,Tue,1,58201,No,No,Grand Forks,ND,Business,,1,No relationship,Pistol,1,0,0,1,2,2,2,0,0,1,1,1,0,0,1,1,1,0,0,Suicide before police arrival,Yes,21,,,Male,,,African American,,
221,2015-06-17,2015,Jun,Wed,21,29401,No,No,Charleston,SC,Other,,1,No relationship,Pistol,1,0,0,1,9,9,9,0,0,0,0,0,0,0,9,9,9,0,0,Fled,Yes,21,,,Male,,,Caucasian,,
222,2015-07-05,2015,Jul,Sun,4,78701,No,No,Austin,TX,Business,,1,No relationship,Rifle,0,0,1,1,1,1,1,0,0,0,0,0,0,0,1,1,1,0,0,Shot by police,No,35,,,Male,,,Caucasian,,
223,2015-07-16,2015,Jul,Thu,10,37406,No,Yes,Chattanooga,TN,Business,,1,No relationship,Rifle,1,1,1,3,7,7,6,1,0,2,2,1,1,0,5,5,5,0,0,Shot by police,No,24,,,Male,,,Caucasian,,
224,2015-07-23,2015,Jul,Thu,19,70503,No,No,Lafayette,LA,Business,,1,No relationship,Pistol,1,0,0,1,11,11,11,0,0,9,9,9,0,0,2,2,2,0,0,Suicide after police arrival,No,59,,,Male,,,Caucasian,,
225,2015-10-01,2015,Oct,Thu,10,97470,No,No,Roseburg,OR,School,Community college,1,Student,Rifle,2,0,1,3,16,16,16,0,0,7,7,7,0,0,9,9,9,0,0,Shot by police,No,26,,,Male,,,Caucasian,,
226,2015-10-26,2015,Oct,Mon,13,52722,No,Yes,Davenport,IA,Business,,1,Indirect,Pistol,1,0,0,1,2,2,2,0,0,2,2,2,0,0,0,0,0,0,0,Suicide after police arrival,No,40,,,Male,,,Caucasian,,
227,2015-10-31,2015,Oct,Sat,8,80903,No,No,Colorado Springs,CO,Outdoors,,1,No relationship,Rifle,2,0,1,3,3,3,3,0,0,0,0,0,0,0,3,3,3,0,0,Shot by police,No,33,,,Male,,,Caucasian,,
228,2015-11-04,2015,Nov,Wed,8,95343,No,No,Merced,CA,School,University,1,Student,Knife,0,0,0,1,0,0,0,0,0,4,,4,0,0,0,,0,0,0,Shot by police,No,18,,,Male,,,Middle Eastern,,
229,2015-11-27,2015,Nov,Fri,11,80907,No,No,Colorado Springs,CO,Other,,1,No relationship,Rifle,0,0,1,1,12,12,6,6,0,9,9,4,5,0,3,3,2,1,0,Surrendered,No,57,,,Male,,,Caucasian,,
230,2015-12-02,2015,Dec,Wed,11,92408,No,No,San Bernardino,CA,Business,,2,Coworker,Rifle,2,0,2,4,36,36,36,0,0,22,22,22,0,0,14,14,14,0,0,Fled,Yes,28,29,,Male,Female,,Middle Eastern,Latino,
231,2015-12-20,2015,Dec,Sun,18,89106,No,No,Las Vegas,NV,Outdoors,,1,No relationship,Vehicle,0,0,0,0,0,0,0,0,0,34,,34,0,0,1,,1,0,0,Fled,Yes,24,,,Female,,,African American,,
232,2016-02-11,2016,Feb,Thu,18,43213,No,No,Columbus,OH,Business,,1,No relationship,Knife,0,0,0,1,0,0,0,0,0,4,,4,0,0,0,,0,0,0,Shot by police,No,30,,,Male,,,African American,,
233,2016-02-20,2016,Feb,Sat,17,49083,No,Yes,Kalamazoo,MI,Outdoors,,1,No relationship,Pistol,2,0,0,2,8,8,8,0,0,2,2,2,0,0,4,6,4,0,0,Fled,Yes,45,,,Male,,,Caucasian,,
234,2016-02-25,2016,Feb,Thu,16,67062,No,Yes,Hesston,KS,Outdoors,,1,Coworker,Rifle,1,0,1,2,17,17,17,0,0,14,14,14,0,0,3,3,3,0,0,Shot by police,No,38,,,Male,,,African American,,
235,2016-02-29,2016,Feb,Mon,11,45042,No,No,Middletown,OH,School,High school,1,Student,Pistol,1,0,0,1,2,4,2,0,0,2,4,2,0,0,0,0,0,0,0,Fled,Yes,14,,,Male,,,Caucasian,,
236,2016-03-13,2016,Mar,Sun,16,20784,No,No,Landover,MD,Other,,1,No relationship,Pistol,1,0,0,1,0,1,0,0,0,0,0,0,0,0,0,1,0,0,0,Shot by police,No,22,,,Male,,,African American,,
237,2016-04-23,2016,Apr,Sat,23,54409,No,No,Antigo,WI,School,High school,1,Student,Rifle,0,0,1,1,2,2,2,0,0,2,2,2,0,0,0,0,0,0,0,Shot by police,No,18,,,Male,,,Caucasian,,
238,2016-05-04,2016,May,Wed,8,77493,No,No,Katy,TX,Business,,1,Other,Shotgun,1,1,0,2,3,3,3,0,0,2,2,2,0,0,1,1,1,0,0,Suicide after police arrival,No,65,,,Male,,,Caucasian,,
239,2016-05-10,2016,May,Tue,18,02780,No,Yes,Taunton,MA,Other,,1,No relationship,Knife,0,0,0,1,0,0,0,0,0,4,,4,0,0,2,,2,0,0,Shot by off duty officer,No,28,,,Male,,,Latino,,
240,2016-05-24,2016,May,Tue,8,85003,No,No,Phoenix,AZ,Outdoors,,1,No relationship,Rifle,0,0,1,1,2,2,2,0,0,2,2,2,0,0,0,0,0,0,0,Fled,Yes,36,,,Male,,,Latino,,
241,2016-05-29,2016,May,Sun,10,77077,No,No,Houston,TX,Business,,1,No relationship,Rifle,1,0,1,2,7,7,5,2,0,6,6,4,2,0,1,1,1,0,0,Shot by police,No,25,,,Male,,,Latino,,
242,2016-06-12,2016,Jun,Sun,2,32806,No,No,Orlando,FL,Business,,1,No relationship,Rifle,1,0,1,2,102,102,102,0,0,53,53,53,0,0,49,49,49,0,0,Shot by police,No,29,,,Male,,,Middle Eastern,,
243,2016-07-07,2016,Jul,Thu,2,37620,No,No,Bristol,TN,Outdoors,,1,No relationship,Rifle,1,0,1,2,5,3,4,1,0,4,2,3,1,0,1,1,1,0,0,Shot by police,No,37,,,Male,,,African American,,
244,2016-07-07,2016,Jul,Thu,21,75201,No,No,Dallas,TX,Outdoors,,1,No relationship,Rifle,1,0,2,3,16,16,2,14,0,11,11,2,9,0,5,5,0,5,0,Shot by police,No,25,,,Male,,,African American,,
245,2016-07-17,2016,Jul,Sun,8,70807,No,No,Baton Rouge,LA,Outdoors,,1,No relationship,Rifle,1,0,2,3,6,6,0,6,0,3,3,0,3,0,3,3,0,3,0,Shot by police,No,29,,,Male,,,African American,,
246,2016-07-30,2016,Jul,Sat,0,98275,No,No,Mukilteo,WA,Other,,1,Indirect,Rifle,0,0,1,1,4,4,4,0,0,1,1,1,0,0,3,3,3,0,0,Fled,Yes,19,,,Male,,,Caucasian,,
247,2016-08-13,2016,Aug,Sat,5,64801,No,Yes,Joplin,MO,Outdoors,,1,No relationship,Rifle,1,0,1,2,5,5,5,0,0,5,5,5,0,0,0,0,0,0,0,Subdued by police,No,26,,,Male,,,Caucasian,,
248,2016-09-17,2016,Sep,Sat,23,19104,No,Yes,Philidelphia,PA,Outdoors,,1,No relationship,Pistol,1,0,0,1,6,6,4,2,0,5,5,3,2,0,1,1,1,0,0,Shot by police,No,25,,,Male,,,African American,,
249,2016-09-17,2016,Sep,Sat,20,56301,No,No,St. Cloud,MN,Business,,1,No relationship,Knife,0,0,0,2,0,0,0,0,0,10,,10,0,0,0,,0,0,0,Shot by off duty officer,No,22,,,Male,,,African American,,
250,2016-09-23,2016,Sep,Fri,18,98233,No,No,Burlington,WA,Business,,1,No relationship,Rifle,0,0,1,1,5,5,5,0,0,0,0,0,0,0,5,5,5,0,0,Fled,Yes,20,,,Male,,,Middle Eastern,,
251,2016-09-26,2016,Sep,Mon,6,77005,No,No,Houston,TX,Outdoors,,1,No relationship,Pistol,1,0,0,1,9,9,9,0,0,9,9,9,0,0,0,0,0,0,0,Shot by police,No,46,,,Male,,,Caucasian,,
252,2016-09-28,2016,Sep,Wed,13,29689,No,No,Townville,SC,School,Elementary school,1,Student,Pistol,1,0,0,1,4,5,4,0,0,3,3,3,0,0,1,2,1,0,0,Subdued by citizens,Yes,14,,,Male,,,Caucasian,,
253,2016-10-03,2016,Oct,Mon,15,74074,No,No,Stillwater,OK,Business,,1,No relationship,Knife,0,0,0,1,0,0,0,0,0,2,,2,0,0,0,,0,0,0,Subdued by citizens,Yes,53,,,Male,,,Caucasian,,
254,2016-10-25,2016,Oct,Tue,6,24042,No,No,Roanoke,VA,Business,,1,Other,Pistol,1,0,0,1,4,4,4,0,0,3,3,3,0,0,1,1,1,0,0,Suicide before police arrival,Yes,53,,,Male,,,African American,,
255,2016-11-04,2016,Nov,Fri,14,08901,No,No,New Brunswick,NJ,School,University,1,Student,Knife,0,0,0,1,0,0,0,0,0,2,,2,0,0,0,,0,0,0,Suicide after police arrival,No,25,,,Male,,,Caucasian,,
256,2016-11-16,2016,Nov,Wed,7,84097,No,No,Orem,OR,School,High school,1,Student,Knife,0,0,0,1,0,0,0,0,0,5,,5,0,0,0,,0,0,0,Suicide after police arrival,No,16,,,Male,,,Caucasian,,
257,2016-11-28,2016,Nov,Mon,3,78572,No,No,Palmview,TX,Business,,1,Coworker,Pistol,1,0,0,1,4,4,4,0,0,3,3,3,0,0,1,1,1,0,0,Fled,No,25,,,Male,,,Latino,,
258,2016-11-28,2016,Nov,Mon,9,43218,No,No,Columbus,OH,School,University,1,Student,Vehicle,0,0,0,1,0,0,0,0,0,11,,11,0,0,0,,0,0,0,Shot by police,No,18,,,Male,,,African American,,
259,2017-01-06,2017,Jan,Fri,13,33315,No,No,Fort Lauderdale,FL,Business,,1,No relationship,Pistol,1,0,0,1,13,13,13,0,0,8,8,8,0,0,5,5,5,0,0,Surrendered,Yes,26,,,Male,,,Latino,,
260,2017-01-20,2017,Jan,Fri,7,43357,No,No,West Liberty,OH,School,High school,1,Student,Shotgun,0,1,0,1,2,2,2,0,0,2,2,2,0,0,0,0,0,0,0,Subdued by citizens,Yes,17,,,Male,,,Caucasian,,
261,2017-01-31,2017,Jan,Tue,13,90027,No,No,Hollywood,CA,Business,,1,No relationship,Knife,0,0,0,1,0,0,0,0,0,3,,3,0,0,0,,0,0,0,Shot by police,No,,,,Male,,,African American,,
262,2017-03-22,2017,Mar,Wed,12,54474,No,Yes,Rothschild,WI,Business,,1,Indirect,Rifle,1,0,1,2,3,4,3,0,0,0,0,0,0,0,3,4,3,0,0,Fled,No,45,,,Male,,,Asian,,
263,2017-03-25,2017,Mar,Sat,10,89109,No,No,Las Vegas,NV,Outdoors,,1,No relationship,Pistol,1,0,0,1,2,2,2,0,0,1,1,1,0,0,1,1,1,0,0,Surrendered,No,55,,,Male,,,Latino,,
264,2017-03-27,2017,Mar,Mon,6,32771,No,Yes,Sanford,FL,Other,,1,No relationship,Rifle,0,0,1,1,2,6,2,0,0,2,4,2,0,0,0,2,0,0,0,Fled,Yes,31,,,Male,,,African American,,
265,2017-04-15,2017,Apr,Sat,21,61071,No,No,Rock Falls,IL,Business,,1,No relationship,Pistol,1,0,0,1,4,4,4,0,0,4,4,4,0,0,0,0,0,0,0,Fled,Yes,32,,,Male,,,Caucasian,,
266,2017-04-19,2017,Apr,Wed,10,93710,No,No,Fresno,CA,Outdoors,,1,No relationship,Pistol,1,0,0,1,3,3,3,0,0,0,0,0,0,0,3,3,3,0,0,Subdued by police,No,39,,,Male,,,African American,,
267,2017-04-30,2017,Apr,Sun,15,66614,No,No,Topeka,KS,Other,,1,Indirect,Pistol,1,0,0,1,4,4,4,0,0,1,1,1,0,0,3,3,3,0,0,Suicide before police arrival,Yes,25,,,Male,,,African American,,
268,2017-04-30,2017,Apr,Sun,18,91608,No,No,San Diego,CA,Other,,1,No relationship,Pistol,1,0,0,1,8,8,8,0,0,7,7,7,0,0,1,1,1,0,0,Shot by police,No,49,,,Male,,,Caucasian,,
269,2017-05-01,2017,May,Mon,13,78702,No,No,Austin,TX,School,University,1,Student,Knife,0,0,0,1,0,0,0,0,0,3,,3,0,0,1,,1,0,0,Subdued by police,No,21,,,Male,,,African American,,
270,2017-05-12,2017,May,Fri,7,43033,No,No,Kirkersville,OH,Other,,1,Indirect,Shotgun,1,1,0,2,3,3,2,1,0,0,0,0,0,0,3,3,2,1,0,Suicide after police arrival,No,43,,,Male,,,Caucasian,,
271,2017-06-05,2017,Jun,Mon,8,32806,No,No,Orlando,FL,Business,,1,Other,Pistol,1,0,0,2,5,5,5,0,0,0,0,0,0,0,5,5,5,0,0,Suicide before police arrival,Yes,45,,,Male,,,Caucasian,,
272,2017-06-08,2017,Jun,Thu,1,18657,No,No,Tunkhannock,PA,Business,,1,Coworker,Shotgun,0,2,0,2,3,3,3,0,0,0,0,0,0,0,3,3,3,0,0,Suicide before police arrival,Yes,24,,,Male,,,Caucasian,,
273,2017-06-14,2017,Jun,Wed,7,22301,No,No,Alexandria,VA,Outdoors,,1,No relationship,Rifle,1,0,1,2,4,4,3,1,0,4,4,3,1,0,0,0,0,0,0,Shot by police,No,66,,,Male,,,Caucasian,,
274,2017-06-15,2017,Jun,Thu,8,94103,No,No,San Francisco,CA,Business,,1,Coworker,Pistol,2,0,0,2,5,8,5,0,0,2,5,2,0,0,3,3,3,0,0,Suicide after police arrival,No,38,,,Male,,,Asian,,
275,2017-06-15,2017,Jun,Thu,15,87510,No,No,Abiquiu,NM,Outdoors,,1,No relationship,Pistol,1,0,0,1,2,5,2,0,0,0,0,0,0,0,2,5,2,0,0,Subdued by police,No,21,,,Male,,,Latino,,
276,2017-06-30,2017,Jun,Fri,14,10451,No,No,Bronx,NY,Other,,1,Other,Rifle,0,0,0,1,7,7,7,0,0,6,6,6,0,0,1,1,1,0,0,Suicide before police arrival,Yes,45,,,Male,,,African American,,
277,2017-07-30,2017,Jul,Sun,16,81522,No,No,Gateway,CO,Outdoors,,1,No relationship,Pistol,1,0,0,1,0,0,0,0,0,0,0,0,0,0,0,0,0,0,0,Fled,Yes,54,,,Male,,,Caucasian,,
278,2017-08-12,2017,Aug,Sat,13,22901,No,No,Charlottesville,VA,Outdoors,,1,No relationship,Vehicle,0,0,0,0,0,0,0,0,0,35,,35,0,0,1,,1,0,0,Fled,Yes,20,,,Male,,,Caucasian,,
279,2017-08-28,2017,Aug,Mon,16,88101,No,No,Clovis,NM,Other,,1,No relationship,Pistol,1,0,0,1,6,6,6,0,0,4,4,4,0,0,2,2,2,0,0,Surrendered,No,16,,,Male,,,Caucasian,,
280,2017-09-13,2017,Sep,Wed,10,99030,No,No,Rockford,WA,School,High school,1,Student,Rifle,1,0,1,2,4,4,4,0,0,3,3,3,0,0,1,1,1,0,0,Subdued by citizens,Yes,15,,,Male,,,Caucasian,,
281,2017-09-24,2017,Sep,Sun,11,37011,No,No,Antioch,TN,Other,,1,No relationship,Pistol,2,0,0,2,7,8,7,0,0,6,7,6,0,0,1,1,1,0,0,Subdued by citizens,Yes,25,,,Male,,,African American,,
282,2017-10-01,2017,Oct,Sun,22,89119,No,No,Las Vegas,NV,Outdoors,,1,No relationship,Rifle,0,0,4,4,471,547,469,2,0,413,489,413,0,0,58,58,56,2,0,Suicide before police arrival,Yes,64,,,Male,,,Caucasian,,
283,2017-10-18,2017,Oct,Wed,8,21040,No,Yes,Edgewood,MD,Business,,1,Coworker,Pistol,1,0,0,1,6,6,6,0,0,3,3,3,0,0,3,3,3,0,0,Fled,Yes,37,,,Male,,,African American,,
284,2017-10-23,2017,Oct,Mon,11,95423,No,Yes,Clearlake Oaks,CA,Other,,1,No relationship,Shotgun,1,1,0,2,4,5,3,1,0,2,3,1,1,0,2,2,2,0,0,Surrendered,No,61,,,Male,,,Caucasian,,
285,2017-10-31,2017,Oct,Tue,15,10001,No,No,Manhattan,NY,Outdoors,,1,No relationship,Vehicle,0,0,0,0,0,0,0,0,0,11,,11,0,0,8,,8,0,0,Shot by police,No,29,,,Male,,,Middle Eastern,,
286,2017-11-01,2017,Nov,Wed,18,80229,No,No,Thornton,CO,Business,,1,No relationship,Pistol,1,0,0,1,3,3,3,0,0,0,0,0,0,0,3,3,3,0,0,Fled,Yes,47,,,Male,,,Caucasian,,
287,2017-11-05,2017,Nov,Sun,11,78161,No,No,Sutherland Springs,TX,Other,,1,Indirect,Rifle,2,0,1,3,46,46,46,0,0,20,20,20,0,0,26,26,26,0,0,Shot by citizen,Yes,26,,,Male,,,Caucasian,,
288,2017-11-14,2017,Nov,Tue,7,96021,No,Yes,Rancho Tehama,CA,Outdoors,Elementary school,1,No relationship,Rifle,2,0,1,3,18,19,18,0,0,8,14,8,0,0,4,5,4,0,0,Shot by police,No,44,,,Male,,,Caucasian,,
289,2017-11-14,2017,Nov,Tue,14,14206,No,No,Cheektowaga,NY,Business,,1,No relationship,Rifle,0,0,2,2,1,1,1,0,0,1,1,1,0,0,0,0,0,0,0,Subdued by citizens,Yes,29,,,Male,,,African American,,
290,2017-11-17,2017,Nov,Fri,16,32955,No,No,Rockledge,FL,Business,,1,No relationship,Pistol,1,0,0,1,2,2,2,0,0,1,1,1,0,0,1,1,1,0,0,Shot by citizen,Yes,28,,,Male,,,African American,,
291,2017-12-03,2017,Dec,Sun,4,11001,Yes,No,Queens,NY,Business,,1,No relationship,Vehicle,0,0,0,1,0,0,0,0,0,7,,7,0,0,1,,1,0,0,Fled,Yes,22,,,Male,,,African American,,
292,2017-12-07,2017,Dec,Thu,8,87410,No,No,Aztec,NM,School,High school,1,Student,Pistol,1,0,0,1,2,2,2,0,0,0,0,0,0,0,2,2,2,0,0,Suicide before police arrival,Yes,21,,,Male,,,Caucasian,,
293,2017-12-15,2017,Dec,Fri,14,21217,No,Yes,Baltimore,MD,Outdoors,,1,No relationship,Rifle,1,0,1,2,3,3,2,1,0,3,3,2,1,0,0,0,0,0,0,Subdued by citizens,No,30,,,Male,,,African American,,
294,2017-12-20,2017,Dec,Wed,14,45229,No,No,Cincinnati,OH,Other,,1,No relationship,Pistol,2,0,0,2,1,1,0,0,1,1,1,0,0,1,0,0,0,0,0,Suicide after police arrival,No,20,,,Male,,,African American,,
295,2018-01-23,2018,Jan,Tue,7,42025,No,No,Benton,KY,School,High school,1,Student,Pistol,1,0,0,1,16,23,16,0,0,14,21,14,0,0,2,2,2,0,0,Subdued by police,No,15,,,Male,,,Caucasian,,
296,2018-02-07,2018,Feb,Wed,19,78401,No,No,Corpus Christi,TX,Other,,1,No relationship,Knife,0,0,0,1,0,0,0,0,0,3,,3,0,0,1,,1,0,0,Subdued by citizens,Yes,28,,,Male,,,Latino,,
297,2018-02-14,2018,Feb,Wed,14,33067,No,No,Parkland,FL,School,High school,1,Student,Rifle,0,0,1,1,34,34,34,0,0,17,17,17,0,0,17,17,17,0,0,Fled,Yes,19,,,Male,,,Latino,,
298,2018-03-07,2018,Mar,Wed,6,36860,No,No,Hurtsboro,AL,Business,,1,No relationship,Rifle,0,0,1,1,4,4,4,0,0,2,2,2,0,0,2,2,2,0,0,Fled,Yes,64,,,Male,,,Caucasian,,
299,2018-03-22,2018,Mar,Thu,2,77030,No,No,Houston,TX,Outdoors,,1,No relationship,Vehicle,0,0,0,0,0,0,0,0,0,2,,2,0,0,1,,1,0,0,Surrendered,No,25,,,Male,,,African American,,
300,2018-04-03,2018,Apr,Tue,12,94066,No,No,San Bruno,CA,Business,,1,No relationship,Pistol,1,0,0,1,3,4,3,0,0,3,4,3,0,0,0,0,0,0,0,Suicide before police arrival,Yes,39,,,Female,,,Middle Eastern,,
301,2018-04-07,2018,Apr,Sat,16,46217,No,No,Indianapolis,IN,Outdoors,,1,No relationship,Knife,0,0,0,1,0,0,0,0,0,3,,3,0,0,0,,0,0,0,Subdued by citizens,Yes,57,,,Male,,,African American,,
302,2018-04-22,2018,Apr,Sun,3,37011,No,No,Nashville,TN,Business,,1,No relationship,Rifle,0,0,1,1,6,8,6,0,0,2,4,2,0,0,4,4,4,0,0,Subdued by citizens,Yes,29,,,Male,,,Caucasian,,
303,2018-05-04,2018,May,Fri,11,30501,No,No,Gainesville,GA,Outdoors,,1,No relationship,Pistol,1,0,0,1,2,3,2,0,0,2,3,2,0,0,0,0,0,0,0,Fled,Yes,26,,,Male,,,Caucasian,,
304,2018-05-11,2018,May,Fri,21,47708,No,No,Evansville,IN,Outdoors,,1,No relationship,Rifle,0,1,1,2,1,1,1,0,0,0,0,0,0,0,1,1,1,0,0,Shot by police,No,51,,,Male,,,Caucasian,,
305,2018-05-16,2018,May,Wed,8,61021,No,No,Dixon,IL,School,High school,1,Student,Rifle,0,0,1,1,0,0,0,0,0,0,0,0,0,0,0,0,0,0,0,Shot by police,No,19,,,Male,,,Caucasian,,
306,2018-05-18,2018,May,Fri,7,77510,No,No,Santa Fe,TX,School,High school,1,Student,Shotgun,1,1,0,2,22,22,21,1,0,12,12,11,1,0,10,10,10,0,0,Shot by police,No,17,,,Male,,,Caucasian,,
307,2018-05-24,2018,May,Thu,18,73009,No,No,Oklahoma City,OK,Business,,1,No relationship,Pistol,1,0,0,1,3,4,3,0,0,3,4,3,0,0,0,0,0,0,0,Shot by citizen,Yes,28,,,Male,,,Caucasian,,
308,2018-05-25,2018,May,Fri,9,46060,No,No,Noblesville,IN,School,Middle school,1,Student,Pistol,2,0,0,3,2,2,2,0,0,2,2,2,0,0,0,0,0,0,0,Subdued by citizens,Yes,13,,,Male,,,Caucasian,,
309,2018-06-13,2018,Jun,Wed,13,98121,No,No,Seattle,WA,Outdoors,,1,No relationship,,,,,0,0,0,0,0,0,0,0,0,0,0,0,0,0,0,0,Fled,Yes,,,,Male,,,,,
310,2018-06-29,2018,Jun,Fri,14,21401,No,No,Annapolis,MD,Business,,1,No relationship,Shotgun,0,1,0,1,7,7,7,0,0,2,2,2,0,0,5,5,5,0,0,Subdued by police,No,38,,,Male,,,Caucasian,,
311,2018-07-01,2018,Jul,Sun,20,83701,No,No,Boise,ID,Other,,1,No relationship,Knife,0,0,0,1,0,0,0,0,0,9,,9,0,0,0,,0,0,0,Fled,Yes,30,,,Male,,,African American,,
312,2018-07-05,2018,Jul,Thu,0,23451,No,No,Virginia Beach,VA,Outdoors,,1,No relationship,Pistol,1,0,0,1,6,6,6,0,0,6,6,6,0,0,0,0,0,0,0,Fled,Yes,21,,,Male,,,African American,,
313,2018-08-14,2018,Aug,Tue,18,19095,No,No,Wyncote,PA,Business,,1,No relationship,Pistol,1,0,0,1,5,5,5,0,0,5,5,5,0,0,0,0,0,0,0,Fled,Yes,30,,,Male,,,African American,,
314,2018-08-20,2018,Aug,Mon,2,77459,No,No,Missouri City,TX,Business,,1,Coworker,Pistol,1,0,0,1,2,2,2,0,0,1,1,1,0,0,1,1,1,0,0,Suicide after police arrival,No,38,,,Female,,,Latino,,
315,2018-08-24,2018,Aug,Fri,12,89054,No,No,Las Vegas,NV,Outdoors,,1,No relationship,Knife,0,0,0,1,0,0,0,0,0,2,,2,0,0,0,,0,0,0,Shot by police,No,38,,,Male,,,Caucasian,,
316,2018-08-26,2018,Aug,Sun,13,32202,Yes,No,Jacksonville,FL,Business,,1,No relationship,Pistol,2,0,0,2,11,13,11,0,0,9,11,9,0,0,2,2,2,0,0,Suicide before police arrival,Yes,24,,,Male,,,Caucasian,,
317,2018-09-06,2018,Sep,Thu,9,45263,No,No,Cincinnati,OH,Business,,1,No relationship,Pistol,1,0,0,1,5,5,5,0,0,2,2,2,0,0,3,3,3,0,0,Shot by police,No,29,,,Male,,,Latino,,
318,2018-09-12,2018,Sep,Wed,17,93203,No,Yes,Bakersfield,CA,Business,,1,No relationship,Pistol,1,0,0,1,5,5,5,0,0,0,0,0,0,0,5,5,5,0,0,Fled,Yes,54,,,Male,,,Latino,,
319,2018-09-19,2018,Sep,Wed,10,53562,No,No,Middleton,WI,Business,,1,Coworker,Pistol,1,0,0,1,4,4,4,0,0,4,4,4,0,0,0,0,0,0,0,Shot by police,No,43,,,Male,,,Asian,,
320,2018-09-19,2018,Sep,Wed,14,15461,No,No,Masontown,PA,Other,,1,No relationship,Pistol,1,0,0,1,4,4,3,1,0,4,4,3,1,0,0,0,0,0,0,Shot by police,No,61,,,Male,,,Caucasian,,
321,2018-09-20,2018,Sep,Thu,9,21001,No,No,Aberdeen,MD,Business,,1,Coworker,Pistol,1,0,0,1,6,6,6,0,0,3,3,3,0,0,3,3,3,0,0,Suicide before police arrival,Yes,26,,,Female,,,African American,,
322,2018-09-21,2018,Sep,Fri,3,11355,No,No,New York City,NY,Business,,1,Coworker,Knife,0,0,0,2,0,0,0,0,0,5,,5,0,0,0,,0,0,0,Suicide before police arrival,Yes,52,,,Female,,,Asian,,
323,2018-10-24,2018,Oct,Wed,15,40269,No,No,Jeffersontown,KY,Business,,1,No relationship,Pistol,1,0,0,1,2,2,2,0,0,0,0,0,0,0,2,2,2,0,0,Fled,Yes,51,,,Male,,,Caucasian,,
324,2018-10-27,2018,Oct,Sat,9,15217,No,No,Pittsburgh,PA,Other,,1,No relationship,Rifle,3,0,1,4,16,17,13,3,0,5,6,2,3,0,11,11,11,0,0,Shot by police,No,46,,,Male,,,Caucasian,,
325,2018-11-02,2018,Nov,Fri,17,32301,No,No,Tallahassee,FL,Business,,1,No relationship,Pistol,1,0,0,1,6,7,6,0,0,4,5,4,0,0,2,2,2,0,0,Suicide before police arrival,Yes,40,,,Male,,,Caucasian,,
326,2018-11-05,2018,Nov,Mon,1,94901,No,No,San Rafael,CA,Other,,1,Indirect,Pistol,1,0,0,1,3,3,3,0,0,2,2,2,0,0,1,1,1,0,0,Fled,Yes,37,,,Male,,,African American,,
327,2018-11-07,2018,Nov,Wed,23,91320,No,No,Thousand Oaks,CA,Business,,1,No relationship,Pistol,1,0,0,2,12,28,12,0,0,1,16,1,0,0,11,12,11,0,0,Suicide after police arrival,No,28,,,Male,,,Caucasian,,
328,2018-11-12,2018,Nov,Mon,18,87105,No,No,Albuquerque,NM,Business,,1,Coworker,Pistol,1,0,0,1,3,3,3,0,0,3,3,3,0,0,0,0,0,0,0,Fled,Yes,30,,,Male,,,Caucasian,,
329,2018-11-19,2018,Nov,Mon,15,60617,No,No,Chicago,IL,Other,,1,Indirect,Pistol,1,0,0,1,3,3,2,1,0,0,0,0,0,0,3,3,2,1,0,Shot by police,No,32,,,Male,,,Latino,,
330,2018-12-09,2018,Dec,Sun,15,46401,No,No,Gary,IN,Business,,1,No relationship,Knife,0,0,0,1,0,0,0,0,0,2,,2,0,0,0,,0,0,0,Subdued by citizens,Yes,34,,,Male,,,,,
331,2018-12-24,2018,Dec,Mon,11,87101,No,No,Albuquerque,NM,Business,,1,No relationship,Rifle,0,0,0,1,0,0,0,0,0,0,0,0,0,0,0,0,0,0,0,Shot by police,No,35,,,Male,,,Latino,,
332,2019-01-23,2019,Jan,Wed,12,33870,No,No,Sebring,FL,Business,,1,No relationship,Pistol,1,0,0,1,5,5,5,0,0,0,0,0,0,0,5,5,5,0,0,Surrendered,No,21,,,Male,,,Caucasian,,
333,2019-01-24,2019,Jan,Thu,22,16803,Yes,Yes,State College,PA,Business,,1,No relationship,Pistol,1,0,0,1,4,4,4,0,0,1,1,1,0,0,3,3,3,0,0,Suicide before police arrival,Yes,21,,,Male,,,Caucasian,,
334,2019-02-12,2019,Feb,Tue,19,92103,No,No,San Diego,CA,Business,,1,No relationship,Rifle,0,0,1,1,0,0,0,0,0,0,0,0,0,0,0,0,0,0,0,Fled,Yes,29,,,Male,,,African American,,
335,2019-02-15,2019,Feb,Fri,13,60507,No,No,Aurora,IL,Business,,1,Other,Pistol,1,0,0,1,10,11,6,4,0,5,6,1,4,0,5,5,5,0,0,Shot by police,No,45,,,Male,,,African American,,
336,2019-02-21,2019,Feb,Thu,23,42701,No,No,Elizabethtown,KY,Business,,1,No relationship,Pistol,1,0,0,1,4,4,4,0,0,2,2,2,0,0,1,2,1,0,0,Fled,Yes,35,,,Male,,,African American,,
337,2019-02-27,2019,Feb,Wed,18,33403,No,No,West Palm Beach,FL,Other,,1,Indirect,Pistol,1,0,0,1,2,2,2,0,0,2,2,2,0,0,0,0,0,0,0,Subdued by citizens,Yes,59,,,Male,,,Caucasian,,
338,2019-03-27,2019,Mar,Wed,16,98125,No,Yes,Lake City,WA,Outdoors,,1,No relationship,Pistol,1,0,0,1,3,4,3,0,0,2,2,2,0,0,2,2,2,0,0,Subdued by police,No,33,,,Male,,,Caucasian,,
339,2019-04-27,2019,Apr,Sat,11,92064,No,No,Poway,CA,Other,,1,No relationship,Rifle,0,0,1,1,2,4,2,0,0,1,3,1,0,0,1,1,1,0,0,Fled,Yes,19,,,Male,,,Caucasian,,
340,2019-04-30,2019,Apr,Tue,17,28223,No,No,Charlotte,NC,School,University,1,Student,Pistol,1,0,0,1,6,6,6,0,0,4,4,4,0,0,2,2,2,0,0,Subdued by citizens,Yes,22,,,Male,,,Caucasian,,
341,2019-05-07,2019,May,Tue,13,80126,No,No,Highlands Ranch,CO,School,High school,2,Student,Rifle,3,0,1,4,7,9,7,0,0,6,8,6,0,0,1,1,1,0,0,Subdued by citizens,Yes,18,16,,Male,Male,,Caucasian,Asian,
342,2019-05-29,2019,May,Wed,5,77327,No,No,Cleveland,TX,Business,,1,No relationship,Pistol,1,0,0,1,4,4,3,1,0,1,1,1,0,0,3,3,2,1,0,Fled,No,65,,,Male,,,Caucasian,,
343,2019-05-31,2019,May,Fri,16,23456,No,No,Virginia Beach,VA,Other,,1,Other,Pistol,2,0,0,2,15,15,14,1,0,4,4,3,1,0,11,11,11,0,0,Shot by police,No,40,,,Male,,,African American,,
344,2019-06-10,2019,Jun,Mon,10,73101,No,No,Oklahoma City,OK,Outdoors,,1,No relationship,Pistol,1,0,0,1,0,0,0,0,0,0,0,0,0,0,0,0,0,0,0,Shot by police,No,24,,,Male,,,African American,,
345,2019-06-17,2019,Jun,Mon,8,75242,No,No,Dallas,TX,Other,,1,No relationship,Rifle,0,0,1,1,0,0,0,0,0,0,0,0,0,0,0,0,0,0,0,Shot by police,No,22,,,Male,,,Caucasian,,
346,2019-06-25,2019,Jun,Tue,18,95037,No,No,Morgan Hill,CA,Business,,1,Other,Pistol,2,0,0,2,2,2,2,0,0,0,0,0,0,0,2,2,2,0,0,Suicide before police arrival,Yes,60,,,Male,,,Caucasian,,
347,2019-07-09,2019,Jul,Tue,10,98403,No,No,Seattle,WA,Outdoors,,1,No relationship,Knife,0,0,0,1,0,0,0,0,0,3,,3,0,0,0,,0,0,0,Fled,Yes,29,,,Male,,,Caucasian,,
348,2019-07-16,2019,Jul,Tue,17,78216,No,No,San Antonio,TX,Business,,1,Coworker,Pistol,1,0,0,1,4,5,4,0,0,4,5,4,0,0,0,0,0,0,0,Fled,Yes,24,,,Male,,,African American,,
349,2019-07-25,2019,Jul,Thu,2,91340,No,Yes,San Fernando Valley,CA,Business,,1,No relationship,Pistol,1,0,0,1,1,6,1,0,0,1,2,1,0,0,2,4,2,0,0,Fled,Yes,26,,,Male,,,Latino,,
350,2019-07-28,2019,Jul,Sun,17,95020,No,No,Gilroy,CA,Outdoors,,1,No relationship,Rifle,0,0,1,1,20,20,20,0,0,17,17,17,0,0,3,3,3,0,0,Suicide after police arrival,No,19,,,Male,,,Caucasian,,
351,2019-07-30,2019,Jul,Tue,6,38671,No,No,Southaven,MS,Business,,1,Coworker,Pistol,1,0,0,1,3,3,2,1,0,1,1,0,1,0,2,2,2,0,0,Shot by police,No,39,,,Male,,,African American,,
352,2019-08-03,2019,Aug,Sat,10,79925,No,No,El Paso,TX,Business,,1,No relationship,Rifle,0,0,1,1,45,45,45,0,0,22,22,22,0,0,23,23,23,0,0,Fled,Yes,21,,,Male,,,Caucasian,,
353,2019-08-04,2019,Aug,Sun,1,45402,No,No,Dayton,OH,Outdoors,,1,No relationship,Rifle,0,0,1,1,26,36,26,0,0,17,27,17,0,0,9,9,9,0,0,Shot by police,No,24,,,Male,,,Caucasian,,
354,2019-08-12,2019,Aug,Mon,14,60612,No,No,Chicago,IL,Other,,1,No relationship,Rifle,0,0,1,1,0,0,0,0,0,0,0,0,0,0,0,0,0,0,0,Subdued by police,No,40,,,Male,,,African American,,
355,2019-08-31,2019,Aug,Sat,15,79763,No,Yes,Odessa,TX,Outdoors,,1,No relationship,Rifle,0,0,1,1,28,28,25,3,0,21,21,18,3,0,7,7,7,0,0,Shot by police,No,36,,,Male,,,Caucasian,,
356,2019-09-11,2019,Sep,Wed,8,32300,No,No,Tallahassee,FL,Business,,1,Coworker,Knife,0,0,0,1,0,0,0,0,0,5,,5,0,0,0,,0,0,0,Subdued by citizens,Yes,41,,,Male,,,African American,,
357,2019-10-06,2019,Oct,Sun,1,66102,Yes,No,Kansas City,KS,Business,,2,No relationship,Pistol,2,0,0,2,9,9,9,0,0,5,5,5,0,0,4,4,4,0,0,Fled,Yes,23,25,,Male,Male,,Latino,Caucasian,
358,2019-10-21,2019,Oct,Mon,7,29150,No,Yes,Sumter,SC,Other,,1,No relationship,Rifle,0,0,1,1,4,4,4,0,0,4,4,4,0,0,0,0,0,0,0,Fled,Yes,25,,,Male,,,African American,,
359,2019-11-14,2019,Nov,Thu,7,91350,No,No,Santa Clarita,CA,School,High school,1,Student,Pistol,1,0,0,1,5,5,5,0,0,3,3,3,0,0,2,2,2,0,0,Suicide before police arrival,Yes,16,,,Male,,,Asian,,
361,2019-12-06,2019,Dec,Fri,6,32508,No,No,Pensacola,FL,Other,,1,Coworker,Pistol,1,0,0,1,11,11,9,2,0,8,8,6,2,0,3,3,3,0,0,Shot by police,No,21,,,Male,,,Middle Eastern,,
362,2019-12-10,2019,Dec,Tue,12,07666,No,Yes,Jersey City,NJ,Outdoors,,2,No relationship,Rifle,2,1,1,4,7,8,4,3,0,3,4,1,2,0,4,4,3,1,0,Shot by police,No,47,50,,Male,Female,,African American,African American,
363,2019-12-28,2019,Dec,Sat,21,10952,No,No,Monsey,NY,Other,,1,No relationship,Knife,0,0,0,1,0,0,0,0,0,5,,5,0,0,0,,0,0,0,Fled,Yes,37,,,Male,,,African American,,
364,2019-12-29,2019,Dec,Sun,11,76108,No,No,White Settlement,TX,Other,,1,No relationship,Shotgun,0,1,0,1,2,4,2,0,0,0,2,0,0,0,2,2,2,0,0,Shot by citizen,Yes,43,,,Male,,,Caucasian,,
365,2020-01-19,2020,Jan,Sun,23,64133,Yes,No,Kansas City,MO,Business,,1,No relationship,Pistol,2,0,0,2,18,18,18,0,0,16,16,16,0,0,2,2,2,0,0,Shot by security,Yes,29,,,Male,,,African American,,
366,2020-02-08,2020,Feb,Sat,20,10459,No,Yes,New York,NY,Outdoors,,1,No relationship,Pistol,1,0,0,1,2,2,0,2,0,2,2,0,2,0,0,0,0,0,0,Surrendered,No,45,,,Male,,,African American,,
367,2020-02-20,2020,Feb,Thu,16,83605,No,No,Caldwell,ID,Other,,1,Indirect,Pistol,1,0,0,1,4,4,4,0,0,3,3,3,0,0,1,1,1,0,0,Suicide after police arrival,No,87,,,Male,,,Caucasian,,
368,2020-02-26,2020,Feb,Wed,14,53208,No,No,Milwaukee,WI,Business,,1,Coworker,Pistol,2,0,0,2,5,5,5,0,0,0,0,0,0,0,5,5,5,0,0,Suicide before police arrival,Yes,51,,,Male,,,African American,,
369,2020-03-15,2020,Mar,Sun,23,65802,No,No,Springfield,MO,Business,,1,No relationship,Rifle,1,0,1,2,6,6,4,2,0,2,2,1,1,0,4,4,3,1,0,Suicide after police arrival,No,31,,,Male,,,African American,,
370,2020-03-27,2020,Mar,Fri,18,74101,Yes,No,Tulsa,OK,Business,,1,No relationship,Pistol,1,0,0,1,0,0,0,0,0,0,0,0,0,0,0,0,0,0,0,Shot by citizen,Yes,34,,,Female,,,Caucasian,,
371,2020-05-06,2020,May,Wed,18,73101,Yes,No,Oklahoma City,OK,Business,,1,No relationship,Pistol,1,0,0,1,4,4,4,0,0,4,4,4,0,0,0,0,0,0,0,Fled,Yes,32,,,Female,,,African American,,
372,2020-05-17,2020,May,Sun,0,61107,No,No,Rockford,IL,Business,,1,No relationship,Pistol,2,0,0,2,3,3,3,0,0,2,2,2,0,0,1,1,1,0,0,Suicide after police arrival,No,35,,,Male,,,African American,,
373,2020-05-20,2020,May,Wed,19,85305,No,No,Glendale,AZ,Business,,1,No relationship,Rifle,0,0,1,1,3,3,3,0,0,3,3,3,0,0,0,0,0,0,0,Subdued by police,No,20,,,Male,,,Latino,,
374,2020-05-21,2020,May,Thu,6,78419,No,No,Corpus Christi,TX,Other,,1,No relationship,Rifle,1,1,1,3,1,1,0,0,1,1,1,0,0,1,0,0,0,0,0,Shot by security,No,20,,,Male,,,Middle Eastern,,
375,2020-05-27,2020,May,Wed,11,66027,No,No,Ft. Leavenworth,KS,Outdoors,,1,No relationship,Rifle,1,0,1,2,1,1,1,0,0,1,1,1,0,0,0,0,0,0,0,Subdued by citizens,Yes,37,,,Male,,,Caucasian,,
376,2020-06-01,2020,Jun,Mon,8,38242,No,No,Paris,TN,Business,,1,Coworker,Pistol,1,0,0,1,2,2,2,0,0,0,0,0,0,0,2,2,2,0,0,Suicide after police arrival,No,48,,,Male,,,Caucasian,,
377,2020-06-10,2020,Jun,Wed,3,93446,No,Yes,Paso Robles,CA,Outdoors,,1,No relationship,Pistol,3,0,0,3,5,5,1,4,0,4,4,0,4,0,1,1,1,0,0,Fled,Yes,26,,,Male,,,Latino,,
378,2020-06-12,2020,Jun,Fri,23,78201,Yes,No,San Antonio,TX,Business,,1,No relationship,Rifle,0,0,1,1,8,8,8,0,0,8,8,8,0,0,0,0,0,0,0,Fled,No,37,,,Male,,,African American,,
379,2020-06-19,2020,Jun,Fri,11,32958,No,No,Sebastian,FL,Business,,1,Coworker,Rifle,0,0,1,1,1,1,1,0,0,0,0,0,0,0,1,1,1,0,0,Subdued by police,No,56,,,Male,,,Caucasian,,
380,2020-06-22,2020,Jun,Mon,21,63114,No,No,St. John,MO,Business,,1,No relationship,Pistol,1,0,0,1,3,3,3,0,0,2,2,2,0,0,1,1,1,0,0,Fled,Yes,28,,,Male,,,African American,,
381,2020-06-26,2020,Jun,Fri,11,62703,No,No,Springfield,IL,Business,,1,Coworker,Pistol,2,0,0,2,3,3,3,0,0,0,0,0,0,0,3,3,3,0,0,Fled,Yes,48,,,Male,,,Caucasian,,
382,2020-06-27,2020,Jun,Sat,15,96080,No,No,Red Bluff,CA,Business,,1,Other,Rifle,0,0,1,1,6,6,6,0,0,4,4,4,0,0,2,2,2,0,0,Shot by police,No,31,,,Male,,,Caucasian,,
383,2020-06-27,2020,Jun,Sat,20,40201,No,No,Louisville,KY,Outdoors,,1,No relationship,Pistol,1,0,0,1,1,1,1,0,0,0,0,0,0,0,1,1,1,0,0,Subdued by police,No,23,,,Male,,,African American,,
384,2020-07-25,2020,Jul,Sat,0,95336,No,No,Manteca,CA,Other,,1,Other,Pistol,0,0,0,0,9,9,9,0,0,9,9,9,0,0,0,0,0,0,0,Fled,Yes,,,,Male,,,,,
386,2020-07-30,2020,Jul,Thu,18,33614,No,Yes,Tampa Bay,FL,Outdoors,,1,No relationship,Rifle,0,0,1,1,5,5,4,1,0,5,5,4,1,0,0,0,0,0,0,Subdued by police,No,31,,,Male,,,Latino,,
387,2020-08-01,2020,Aug,Sat,22,83226,No,No,Challis,ID,Outdoors,,1,No relationship,Pistol,1,0,0,1,0,0,0,0,0,0,0,0,0,0,0,0,0,0,0,Shot by off duty officer,No,73,,,Male,,,Caucasian,,
388,2020-08-17,2020,Aug,Mon,11,77535,No,Yes,Dayton,TX,Other,,1,No relationship,Rifle,0,1,1,2,5,5,5,0,0,2,2,2,0,0,3,3,3,0,0,Fled,Yes,60,,,Male,,,Caucasian,,
389,2020-08-21,2020,Aug,Fri,11,93444,No,No,Nipomo,CA,Business,,1,No relationship,Pistol,1,0,0,1,0,0,0,0,0,0,0,0,0,0,0,0,0,0,0,Shot by police,No,42,,,Male,,,Caucasian,,
390,2020-09-05,2020,Sep,Sat,18,27856,No,No,Nashville,NC,Outdoors,,1,No relationship,Shotgun,0,1,0,1,3,3,3,0,0,3,3,3,0,0,0,0,0,0,0,Subdued by police,No,33,,,Male,,,Caucasian,,
391,2020-09-05,2020,Sep,Sat,3,32696,Yes,No,Williston,FL,Outdoors,,1,Other,,,,,0,6,6,6,0,0,6,6,6,0,0,0,0,0,0,0,Fled,Yes,,,,Male,,,,,
392,2020-10-03,2020,Oct,Sat,15,95834,No,No,Sacramento,CA,Business,,1,No relationship,Pistol,1,0,0,1,3,3,3,0,0,1,1,1,0,0,2,2,2,0,0,Suicide before police arrival,Yes,33,,,Male,,,Middle Eastern,,
393,2020-10-10,2020,Oct,Sat,2,29556,Yes,No,Kingstree,SC,Business,,1,No relationship,Rifle,0,0,1,1,8,8,8,0,0,8,8,8,0,0,0,0,0,0,0,Fled,Yes,34,,,Male,,,African American,,
394,2020-10-31,2020,Oct,Sat,1,92806,Yes,No,Anaheim,CA,Business,,1,No relationship,Rifle,0,0,0,0,5,5,5,0,0,5,5,5,0,0,0,0,0,0,0,Fled,Yes,34,,,Male,,,Latino,,
395,2020-11-07,2020,Nov,Sat,0,29730,No,No,Rock Hill,SC,Business,,1,No relationship,Pistol,1,0,0,1,4,4,4,0,0,3,3,3,0,0,1,1,1,0,0,Fled,Yes,34,,,Male,,,African American,,
396,2020-11-20,2020,Nov,Fri,14,53226,No,No,Wauwatosa,WI,Business,,1,No relationship,Pistol,1,0,0,1,8,8,8,0,0,8,8,8,0,0,0,0,0,0,0,Fled,Yes,15,,,Male,,,Latino,,
397,2020-11-21,2020,Nov,Sat,21,68005,No,No,Bellevue,NE,Business,,1,No relationship,Shotgun,2,1,0,3,4,4,4,0,0,2,2,2,0,0,2,2,2,0,0,Subdued by police,No,23,,,Male,,,Latino,,
398,2020-11-26,2020,Nov,Thu,0,89015,No,Yes,Henderson,NV,Business,,3,No relationship,Pistol,3,0,0,3,5,5,5,0,0,4,4,4,0,0,1,1,1,0,0,Fled,Yes,28,30,26,Male,Male,Female,Caucasian,Asian,Asian
399,2020-12-04,2020,Dec,Fri,22,60661,No,No,Chicago,IL,Outdoors,,1,Other,,,,,0,4,4,4,0,0,4,4,4,0,0,0,0,0,0,0,Fled,Yes,,,,Male,,,,,
400,2020-12-12,2020,Dec,Sat,18,11726,No,No,Copiague,NY,Business,,1,No relationship,,1,0,0,1,4,4,4,0,0,2,2,2,0,0,2,2,2,0,0,Fled,Yes,62,,,Male,,,Latino,,
401,2020-12-14,2020,Dec,Mon,18,27407,No,No,Greensboro,NC,Other,,1,No relationship,Pistol,1,0,0,1,0,0,0,0,0,0,0,0,0,0,0,0,0,0,0,Subdued by police,No,36,,,Male,,,Caucasian,,
402,2020-12-19,2020,Dec,Sat,0,60619,No,No,Chicago,IL,Business,,1,No relationship,,,,,0,5,5,5,0,0,5,5,5,0,0,0,0,0,0,0,Fled,Yes,,,,Male,,,,,
403,2020-12-26,2020,Dec,Sat,18,53138,No,No,Rockford,IL,Business,,1,No relationship,Pistol,2,0,0,2,6,6,6,0,0,3,3,3,0,0,3,3,3,0,0,Subdued by police,No,37,,,Male,,,Caucasian,,
404,2020-12-31,2020,Dec,Thu,22,47452,No,No,Indianapolis,IN,Business,,1,Other,,,,,0,4,4,4,0,0,3,3,3,0,0,1,1,1,0,0,Fled,Yes,,,,Male,,,,,
405,2021-01-09,2021,Jan,Sat,14,60613,No,Yes,Chicago,IL,Business,,1,No relationship,Pistol,1,0,0,1,7,7,6,0,1,2,2,2,0,0,5,5,4,0,1,Shot by police,No,32,,,Male,,,African American,,
406,2021-01-25,2021,Jan,Mon,11,43223,No,Yes,Columbus,OH,Outdoors,,1,No relationship,Shotgun,0,1,0,1,0,0,0,0,0,0,0,0,0,0,0,0,0,0,0,Subdued by police,No,26,,,Male,,,Caucasian,,
407,2021-01-25,2021,Jan,Mon,14,77315,No,No,Houston,TX,Other,,1,No relationship,,,,,0,1,1,1,0,0,0,0,0,0,0,1,1,1,0,0,Shot by police,No,43,,,Male,,,Caucasian,,
408,2021-02-09,2021,Feb,Tue,10,55313,No,No,Buffalo,MN,Other,,1,Indirect,Pistol,1,0,0,1,5,5,5,0,0,4,4,4,0,0,1,1,1,0,0,Surrendered,No,67,,,Male,,,Caucasian,,
409,2021-02-20,2021,Feb,Sat,14,70058,Yes,No,Metaririe,LA,Business,,1,No relationship,Pistol,3,0,0,3,2,4,2,0,0,2,2,2,0,0,2,2,2,0,0,Shot by citizen,Yes,27,,,Male,,,African American,,
410,2021-03-16,2021,Mar,Tue,16,30308,No,Yes,Atlanta,GA,Business,,1,No relationship,Pistol,1,0,0,1,9,9,9,0,0,1,1,1,0,0,8,8,8,0,0,Subdued by police,No,21,,,Male,,,Caucasian,,
411,2021-03-20,2021,Mar,Sat,11,60644,No,No,Austin,IL,Outdoors,,1,No relationship,Pistol,1,0,0,1,2,1,1,1,0,2,1,1,1,0,0,0,0,0,0,Surrendered,No,29,,,Male,,,African American,,
412,2021-03-22,2021,Mar,Mon,14,80303,No,No,Boulder,CO,Business,,1,No relationship,Rifle,1,0,1,2,11,10,10,1,0,1,0,1,0,0,10,10,9,1,0,Shot by police,No,21,,,Male,,,Middle Eastern,,
413,2021-03-28,2021,Mar,Sun,7,21117,No,No,Baltimore,MD,Business,,1,No relationship,Pistol,1,0,0,1,3,5,3,0,0,1,1,1,0,0,2,4,2,0,0,Fled,Yes,27,,,Male,,,Caucasian,,
414,2021-03-31,2021,Mar,Wed,17,90805,No,No,Orange,CA,Business,,1,Indirect,Pistol,1,0,0,1,5,5,5,0,0,1,1,1,0,0,4,4,4,0,0,Shot by police,No,44,,,Male,,,Latino,,
415,2021-04-06,2021,Apr,Tue,8,21701,No,No,Frederick,MD,Other,,1,Coworker,Rifle,1,0,1,2,2,2,2,0,0,2,2,2,0,0,0,0,0,0,0,Fled,Yes,38,,,Male,,,African American,,
416,2021-04-08,2021,Apr,Thu,14,77801,No,No,Bryan,TX,Business,,1,Coworker,Pistol,1,0,0,1,5,6,5,0,0,4,5,4,0,0,1,1,1,0,0,Fled,Yes,27,,,Male,,,Caucasian,,
417,2021-04-10,2021,Apr,Sat,5,65692,No,No,Koshkonong,MO,Business,,1,No relationship,Pistol,1,0,0,1,4,4,4,0,0,3,3,3,0,0,1,1,1,0,0,Fled,Yes,28,,,Male,,,Caucasian,,
418,2021-04-13,2021,Apr,Tue,12,06405,No,No,Branford,CT,Outdoors,,1,No relationship,Rifle,8,0,5,13,1,1,1,0,0,1,1,1,0,0,0,0,0,0,0,Suicide after police arrival,No,38,,,Male,,,Caucasian,,
419,2021-04-15,2021,Apr,Thu,14,78216,No,Yes,San Antonio,TX,Outdoors,,1,No relationship,Pistol,1,0,0,1,0,1,0,0,0,0,1,0,0,0,0,0,0,0,0,Shot by police,No,46,,,Male,,,Latino,,
420,2021-04-15,2021,Apr,Thu,23,46241,No,No,Indianapolis,IN,Business,,1,Other,Rifle,0,0,2,2,12,15,12,0,0,4,7,4,0,0,8,8,8,0,0,Suicide before police arrival,Yes,19,,,Male,,,Caucasian,,
421,2021-04-20,2021,Apr,Tue,11,11552,No,No,West Hempstead,NY,Business,,1,No relationship,Pistol,1,0,0,1,3,3,3,0,0,2,2,2,0,0,1,1,1,0,0,Fled,Yes,30,,,Male,,,African American,,
422,2021-04-21,2021,Apr,Wed,4,18106,Yes,Yes,Allentown,PA,Outdoors,,1,No relationship,Pistol,1,0,0,1,2,2,2,0,0,1,1,1,0,0,1,1,1,0,0,Fled,Yes,45,,,Male,,,Asian,,
423,2021-04-22,2021,Apr,Thu,22,92101,No,No,San Diego,CA,Outdoors,,1,No relationship,Pistol,1,0,0,1,5,5,5,0,0,4,4,4,0,0,1,1,1,0,0,Subdued by citizens,Yes,32,,,Male,,,Caucasian,,
424,2021-04-27,2021,Apr,Tue,0,92831,No,Yes,Fullerton,CA,Outdoors,,1,No relationship,Pistol,1,0,0,1,3,3,3,0,0,1,1,1,0,0,2,2,2,0,0,Shot by police,No,49,,,Male,,,Latino,,
425,2021-05-01,2021,May,Sat,19,54313,Yes,No,Green Bay,WI,Business,,1,No relationship,Pistol,1,0,0,1,3,3,3,0,0,1,1,1,0,0,2,2,2,0,0,Shot by police,No,62,,,Male,,,Caucasian,,
426,2021-05-06,2021,May,Thu,8,83442,No,No,Rigby,ID,School,Middle school,1,Student,Pistol,1,0,0,1,3,3,3,0,0,3,3,3,0,0,0,0,0,0,0,Subdued by citizens,Yes,13,,,Female,,,,,
427,2021-05-15,2021,May,Sat,7,72903,No,No,Fort Smith,AR,Other,,1,No relationship,Rifle,0,0,1,1,1,1,1,0,0,0,0,0,0,0,1,1,1,0,0,Shot by citizen,Yes,26,,,Male,,,Caucasian,,
428,2021-05-26,2021,May,Wed,6,95134,No,No,San Jose,CA,Business,,1,Coworker,Pistol,3,0,0,3,9,9,9,0,0,0,0,0,0,0,9,9,9,0,0,Suicide after police arrival,No,57,,,Male,,,Caucasian,,
429,2021-05-29,2021,May,Sat,15,46268,No,Yes,Indianapolis,IN,Outdoors,,1,No relationship,Pistol,2,0,0,2,3,4,2,1,0,4,4,3,1,0,0,0,0,0,0,Shot by police,No,22,,,Male,,,African American,,
430,2021-06-05,2021,Jun,Sat,8,30305,No,Yes,Atlanta,GA,Outdoors,,1,No relationship,Pistol,1,0,0,1,1,1,1,0,0,2,1,2,0,0,0,0,0,0,0,Fled,Yes,22,,,Male,,,African American,,
431,2021-06-08,2021,Jun,Tue,1,77007,Yes,No,Houston,TX,Business,,3,No relationship,Rifle,0,0,1,1,5,5,5,0,0,5,5,5,0,0,0,0,0,0,0,Fled,Yes,,,,Male,Male,Male,,,
432,2021-06-10,2021,Jun,Thu,11,33414,No,No,Royal Palm Beach,FL,Business,,1,No relationship,Pistol,1,0,0,1,2,2,2,0,0,0,0,0,0,0,2,2,2,0,0,Suicide before police arrival,Yes,55,,,Male,,,Caucasian,,
433,2021-06-11,2021,Jun,Fri,20,36867,No,Yes,Phenix City/Columbus,AL,Outdoors,,1,No relationship,Pistol,1,0,0,1,5,5,5,0,0,5,5,5,0,0,0,0,0,0,0,Fled,Yes,39,,,Male,,,African American,,
434,2021-06-14,2021,Jun,Mon,15,27101,No,No,Winston-Salem,NC,Other,,1,No relationship,Rifle,1,0,1,2,0,0,0,0,0,0,0,0,0,0,0,0,0,0,0,Shot by police,No,27,,,Male,,,Caucasian,,
435,2021-06-15,2021,Jun,Tue,2,35950,No,No,Albertville,AL,Business,,1,Coworker,Pistol,1,0,0,1,4,4,4,0,0,2,2,2,0,0,2,2,2,0,0,Fled,Yes,34,,,Male,,,African American,,
436,2021-06-16,2021,Jun,Wed,18,85027,No,Yes,Phoenix,AZ,Outdoors,,1,No relationship,Rifle,0,0,1,1,4,13,4,0,0,3,12,3,0,0,1,1,1,0,0,Subdued by police,No,19,,,Male,,,African American,,
437,2021-06-21,2021,Jun,Mon,13,80002,No,No,Arvada,CO,Outdoors,,1,No relationship,Rifle,0,1,0,1,1,1,0,1,0,0,0,0,0,0,1,1,0,1,0,Shot by citizen,No,59,,,Male,,,Caucasian,,
438,2021-06-23,2021,Jun,Wed,0,28734,No,No,Franklin,NC,Business,,1,No relationship,Rifle,0,0,1,1,0,0,0,0,0,0,0,0,0,0,0,0,0,0,0,Fled,Yes,58,,,Male,,,Caucasian,,
439,2021-06-23,2021,Jun,Wed,15,37066,No,Yes,Gallatin,TN,Outdoors,,1,No relationship,Pistol,1,0,0,1,4,2,4,0,0,4,2,4,0,0,0,0,0,0,0,Suicide before police arrival,Yes,22,,,Male,,,African American,,
440,2021-06-26,2021,Jun,Sat,14,02152,No,No,Winthrop,MA,Outdoors,,1,No relationship,Pistol,2,0,0,2,2,2,2,0,0,0,0,0,0,0,2,2,2,0,0,Shot by police,No,28,,,Male,,,Caucasian,,
441,2021-06-27,2021,Jun,Sun,23,46755,No,No,Kendallville,IN,Business,,1,No relationship,Pistol,1,0,0,1,3,3,3,0,0,2,2,2,0,0,1,1,1,0,0,Fled,Yes,24,,,Male,,,Latino,,
442,2021-07-01,2021,Jul,Thu,15,29307,No,No,Spartanburg,SC,Outdoors,,1,No relationship,Pistol,1,0,0,1,4,5,3,1,0,4,4,3,1,0,1,1,1,0,0,Fled,Yes,45,,,Male,,,African American,,
443,2021-07-03,2021,Jul,Sat,10,28608,No,Yes,Boone,NC,Outdoors,,1,No relationship,Pistol,2,0,0,2,1,1,1,0,0,1,1,1,0,0,0,0,0,0,0,Subdued by police,No,24,,,Male,,,Latino,,
444,2021-07-18,2021,Jul,Sun,15,85713,No,Yes,Tucson,AZ,Outdoors,,1,No relationship,Pistol,1,0,0,1,5,7,5,0,0,4,4,4,0,0,1,3,1,0,0,Shot by police,No,35,,,Male,,,African American,,
445,2021-07-18,2021,Jul,Sun,23,77092,No,No,Houston,TX,Business,,1,No relationship,Pistol,1,0,0,1,4,4,4,0,0,2,2,2,0,0,2,2,2,0,0,Shot by police,No,35,,,Male,,,African American,,
446,2021-08-01,2021,Aug,Sun,11,30577,No,Yes,Toccoa,GA,Business,,1,No relationship,Pistol,1,0,0,1,3,3,3,0,0,3,3,3,0,0,0,0,0,0,0,Fled,Yes,31,,,Male,,,African American,,
447,2021-08-03,2021,Aug,Tue,5,37013,No,No,Antioch,TN,Business,,1,Coworker,Pistol,1,0,0,1,3,3,1,0,2,3,3,1,0,2,0,0,0,0,0,Shot by security,Yes,22,,,Male,,,African American,,
448,2021-08-14,2021,Aug,Sat,8,30833,No,Yes,Multiple Location,GA,Outdoors,,1,No relationship,Pistol,1,0,0,1,3,4,3,0,0,2,3,2,0,0,1,1,1,0,0,Subdued by citizens,Yes,30,,,Male,,,African American,,
449,2021-08-14,2021,Aug,Sat,13,39094,No,No,Scott County,MS,Other,,1,No relationship,Rifle,0,1,1,2,0,0,0,0,0,0,0,0,0,0,0,0,0,0,0,Shot by police,No,50,,,Male,,,,,
450,2021-08-20,2021,Aug,Fri,14,49090,No,No,South Haven,MI,Outdoors,,1,No relationship,Pistol,1,0,0,1,2,2,2,0,0,1,1,1,0,0,1,1,1,0,0,Suicide before police arrival,Yes,19,,,Male,,,Caucasian,,
451,2021-08-24,2021,Aug,Tue,18,33139,No,No,Miami Beach,FL,Business,,1,No relationship,Pistol,1,0,0,1,1,1,1,0,0,0,0,0,0,0,1,1,1,0,0,Fled,Yes,22,,,Male,,,African American,,
452,2021-08-25,2021,Aug,Wed,20,90277,No,No,Redondo Beach,CA,Outdoors,,1,No relationship,Pistol,1,0,0,2,2,2,2,0,0,2,2,2,0,0,0,0,0,0,0,Shot by police,No,36,,,Male,,,,,
453,2021-09-05,2021,Sep,Sun,4,33809,No,No,Lakeland,FL,Other,,1,No relationship,Pistol,3,0,0,3,5,5,5,0,0,1,1,1,0,0,4,4,4,0,0,Shot by police,No,33,,,Male,,,,,
454,2021-09-06,2021,Sep,Mon,19,89030,No,Yes,Las Vegas,NV,Outdoors,,1,No relationship,Pistol,1,0,0,1,0,3,0,0,0,0,0,0,0,0,3,3,3,0,0,Fled,Yes,35,,,Male,,,African American,,
455,2021-09-07,2021,Sep,Tue,0,67202,Yes,No,Wichita,KS,Business,,1,No relationship,Pistol,1,0,0,1,6,6,6,0,0,5,5,5,0,0,1,1,1,0,0,Fled,Yes,23,,,Male,,,African American,,
456,2021-09-09,2021,Sep,Thu,15,80909,Yes,No,Colorado Springs,CO,Business,,1,No relationship,Shotgun,1,1,0,2,2,2,2,0,0,0,0,0,0,0,2,2,2,0,0,Fled,Yes,43,,,Male,,,African American,,
457,2021-09-10,2021,Sep,Fri,0,32839,Yes,Yes,Orlando,FL,Business,,1,No relationship,Pistol,1,0,0,1,4,4,4,0,0,4,4,4,0,0,0,0,0,0,0,Fled,Yes,29,,,Male,,,African American,,
458,2021-09-23,2021,Sep,Thu,13,38017,No,No,Collierville,TN,Business,,1,Other,Rifle,2,0,1,3,14,15,14,0,0,13,14,13,0,0,1,1,1,0,0,Suicide before police arrival,Yes,29,,,Male,,,Asian,,
459,2021-10-08,2021,Oct,Fri,16,90014,No,No,Los Angeles,CA,Business,,1,No relationship,Pistol,1,0,0,1,1,1,1,0,0,1,1,1,0,0,0,0,0,0,0,Fled,Yes,45,,,Male,,,African American,,
460,2021-10-21,2021,Oct,Thu,13,68978,No,No,Superior,NE,Business,,1,Other,Pistol,1,0,0,1,2,3,2,0,0,0,1,0,0,0,2,2,2,0,0,Shot by citizen,Yes,61,,,Male,,,Caucasian,,
461,2021-11-04,2021,Nov,Thu,0,89139,No,No,Las Vegas,NV,Business,,1,No relationship,Pistol,1,0,0,1,1,1,1,0,0,0,0,0,0,0,1,1,1,0,0,Fled,Yes,22,,,Male,,,Latino,,
462,2021-11-20,2021,Nov,Sat,10,42749,No,No,Louisville,KY,Outdoors,,1,No relationship,Pistol,1,0,0,2,1,1,1,0,0,1,1,1,0,0,0,0,0,0,0,Fled,Yes,51,,,Male,,,Caucasian,,
463,2021-11-21,2021,Nov,Sun,16,53186,No,No,Waukesha,WI,Outdoors,,1,No relationship,Vehicle,0,0,0,0,0,,0,0,0,62,,62,0,0,6,,6,0,0,Fled,Yes,39,,,Male,,,African American,,
464,2021-11-27,2021,Nov,Sat,9,49007,No,No,Kalamazoo,MI,Business,,1,No relationship,Pistol,1,0,0,1,3,3,3,0,0,3,3,3,0,0,0,0,0,0,0,Shot by police,No,54,,,Male,,,African American,,
465,2021-11-30,2021,Nov,Tue,12,48371,No,No,Oxford,MI,School,High school,1,Student,Pistol,1,0,0,1,11,11,11,0,0,7,7,7,0,0,4,4,4,0,0,Surrendered,No,15,,,Male,,,Caucasian,,
466,2021-12-27,2021,Dec,Mon,17,80215,No,Yes,Denver,CO,Business,,1,No relationship,Rifle,1,0,1,2,7,7,6,1,0,2,2,1,1,0,5,5,5,0,0,Shot by police,No,47,,,Male,,,Caucasian,,
467,2022-01-25,2022,Jan,Tue,21,73127,No,Yes,Oklahoma City,OK,Outdoors,,2,No relationship,Rifle,0,0,1,1,1,1,1,0,0,0,1,1,0,0,0,0,0,0,0,Fled,Yes,34,,,Male,Male,,Caucasian,Asian,
468,2022-02-02,2022,Feb,Wed,19,95966,No,No,Oroville,CA,Outdoors,,1,No relationship,Pistol,1,0,0,1,5,5,5,0,0,4,4,4,0,0,1,1,1,0,0,Fled,Yes,21,,,Male,,,African American,,
469,2022-02-06,2022,Feb,Sun,3,33319,Yes,No,Fort Lauderdale,FL,Business,,1,No relationship,Pistol,1,0,0,1,4,4,4,0,0,4,4,4,0,0,0,0,0,0,0,Fled,Yes,,,,Male,,,,,
470,2022-02-11,2022,Feb,Fri,2,85043,No,No,Phoenix,AZ,Other,,1,No relationship,Rifle,1,0,0,2,6,10,1,5,0,5,9,0,5,0,1,1,1,0,0,Suicide after police arrival,No,36,,,Male,,,African American,,
471,2022-02-28,2022,Feb,Mon,6,72103,No,No,Shannon Hills,AR,Outdoors,,1,No relationship,Rifle,0,0,1,1,0,0,0,0,0,0,0,0,0,0,0,0,0,0,0,Subdued by police,No,41,,,Male,,,Caucasian,,
472,2022-03-11,2022,Mar,Fri,9,43035,No,No,Columbus,OH,Outdoors,,1,No relationship,Pistol,1,0,0,1,0,0,0,0,0,0,0,0,0,0,0,0,0,0,0,Shot by police,No,21,,,Male,,,African American,,
473,2022-03-14,2022,Mar,Mon,14,87111,No,No,Albuquerque,NM,Outdoors,,1,No relationship,Rifle,2,0,1,3,3,6,3,0,0,2,5,2,0,0,1,1,1,0,0,Shot by police,No,52,,,Male,,,Caucasian,,
474,2022-03-17,2022,Mar,Thu,15,33312,No,No,Fort Lauderdale,FL,Outdoors,,1,No relationship,Pistol,1,0,0,1,4,4,4,0,0,2,2,2,0,0,2,2,2,0,0,Subdued by police,No,34,,,Male,,,African American,,
475,2022-03-19,2022,Mar,Sat,1,11419,Yes,No,New York,NY,Business,,1,No relationship,Pistol,1,0,0,1,2,2,2,0,0,2,2,2,0,0,0,0,0,0,0,Fled,Yes,,,,Male,,,,,
476,2022-04-05,2022,Apr,Tue,22,29625,No,No,Anderson,SC,Business,,1,Other,Rifle,0,0,1,1,2,2,2,0,0,1,1,1,0,0,1,1,1,0,0,Suicide before police arrival,Yes,51,,,Male,,,Caucasian,,
477,2022-04-12,2022,Apr,Tue,8,10012,No,No,New York (Brooklyn),NY,Outdoors,,1,No relationship,Pistol,1,0,0,1,10,23,10,0,0,10,23,10,0,0,0,0,0,0,0,Fled,Yes,62,,,Male,,,African American,,
478,2022-04-15,2022,Apr,Fri,10,54893,No,Yes,Oakland,WI,Outdoors,,1,No relationship,Pistol,1,0,0,1,0,0,0,0,0,0,0,0,0,0,0,0,0,0,0,Fled,No,23,,,Male,,,Caucasian,,
479,2022-04-17,2022,Apr,Sun,0,80816,No,No,Florissant,CO,Other,,1,No relationship,Rifle,1,0,1,2,0,0,0,0,0,0,0,0,0,0,0,0,0,0,0,Suicide after police arrival,No,63,,,Male,,,Middle Eastern,,
480,2022-04-22,2022,Apr,Fri,15,20008,No,No,Washington,DC,School,6-12,1,No relationship,Rifle,1,0,2,3,4,4,3,0,1,4,4,3,0,1,0,0,0,0,0,Suicide after police arrival,No,23,,,Male,,,Latino,,
481,2022-05-07,2022,May,Sat,12,78681,No,Yes,Round Rock,TX,Outdoors,,1,No relationship,Rifle,0,0,1,1,1,1,1,0,0,1,1,1,0,0,0,0,0,0,0,Subdued by police,No,31,,,Male,,,Caucasian,,
482,2022-05-09,2022,May,Mon,7,30024,No,No,Gwinnett County,GA,Outdoors,,1,No relationship,Pistol,1,0,0,1,0,1,0,0,0,0,1,0,0,0,0,0,0,0,0,Fled,Yes,57,,,Female,,,African American,,
483,2022-05-09,2022,May,Mon,7,30318,No,No,Atlanta,GA,Outdoors,,1,No relationship,Pistol,2,0,0,2,0,0,0,0,0,0,0,0,0,0,0,0,0,0,0,Shot by police,No,25,,,Male,,,African American,,
484,2022-05-11,2022,May,Wed,14,75229,No,No,Dallas,TX,Business,,1,No relationship,Rifle,0,0,1,1,3,3,3,0,0,3,3,3,0,0,0,0,0,0,0,Fled,Yes,36,,,Male,,,African American,,
485,2022-05-14,2022,May,Sat,14,14208,No,No,Buffalo,NY,Business,,1,No relationship,Rifle,0,0,1,1,13,13,12,0,1,3,3,3,0,0,10,10,9,0,1,Subdued by police,No,18,,,Male,,,Caucasian,,
486,2022-05-15,2022,May,Sun,13,92637,No,No,Laguna Woods,CA,Other,,1,No relationship,Pistol,1,0,0,1,6,6,6,0,0,5,5,5,0,0,1,1,1,0,0,Subdued by citizens,Yes,68,,,Male,,,Asian,,
487,2022-05-24,2022,May,Tue,11,78801,No,No,Uvalde,TX,School,Elementary school,1,Student,Rifle,0,0,1,1,38,38,35,3,0,17,17,14,3,0,21,21,21,0,0,Shot by police,No,18,,,Male,,,Latino,,
488,2022-05-25,2022,May,Wed,22,25311,Yes,No,Charleston,WV,Outdoors,,1,No relationship,Rifle,0,0,1,1,0,0,0,0,0,0,0,0,0,0,0,0,0,0,0,Shot by citizen,Yes,37,,,Male,,,African American,,
489,2022-05-28,2022,May,Sat,14,29505,No,No,Florence,SC,Outdoors,,1,No relationship,Rifle,0,0,1,1,2,2,2,0,0,1,1,1,0,0,1,1,1,0,0,Fled,Yes,40,,,Male,,,Caucasian,,
490,2022-06-01,2022,Jun,Wed,16,74136,No,No,Tulsa,OK,Other,,1,Indirect,Rifle,1,0,1,2,4,4,4,0,0,0,0,0,0,0,4,4,4,0,0,Suicide after police arrival,No,45,,,Male,,,African American,,
491,2022-06-09,2022,Jun,Thu,14,21783,No,No,Smithsburg,MD,Business,,1,Coworker,Pistol,1,0,0,1,4,5,4,0,0,1,2,1,0,0,3,3,3,0,0,Fled,Yes,23,,,Male,,,Latino,,
492,2022-06-12,2022,Jun,Sun,18,63011,No,Yes,Ellisville,MO,Outdoors,,1,No relationship,Pistol,1,0,0,1,0,2,0,0,0,0,2,0,0,0,0,0,0,0,0,Fled,Yes,52,,,Male,,,Caucasian,,
493,2022-06-13,2022,Jun,Mon,8,75137,No,No,Duncanville,TX,Business,,1,No relationship,Pistol,1,0,0,1,0,0,0,0,0,0,0,0,0,0,0,0,0,0,0,Shot by police,No,42,,,Male,,,African American,,
494,2022-06-16,2022,Jun,Thu,18,35223,No,No,Vestavia Hills (Birmingham),AL,Other,,1,No relationship,Pistol,1,0,0,1,3,3,3,0,0,0,0,0,0,0,3,3,3,0,0,Subdued by citizens,Yes,70,,,Male,,,Caucasian,,
495,2022-06-21,2022,Jun,Tue,4,19124,No,Yes,Philadelphia,PA,Outdoors,,1,No relationship,Pistol,1,0,0,1,1,1,1,0,0,0,0,0,0,0,1,1,1,0,0,Fled,Yes,24,,,Male,,,Latino,,
496,2022-07-04,2022,Jul,Mon,9,20876,No,Yes,Germantown,MD,Outdoors,,1,No relationship,Rifle,0,0,2,2,0,0,0,0,0,0,0,0,0,0,0,0,0,0,0,Subdued by police,No,26,,,Male,,,African American,,
497,2022-07-04,2022,Jul,Mon,10,60035,No,No,Highland Park,IL,Outdoors,,1,No relationship,Rifle,0,0,1,1,55,55,55,0,0,48,48,48,0,0,7,7,7,0,0,Fled,Yes,21,,,Male,,,Caucasian,,
498,2022-07-17,2022,Jul,Sun,17,46142,No,No,Indianapolis (Greenwood),IN,Business,,1,No relationship,Rifle,1,0,2,3,5,5,5,0,0,2,2,2,0,0,3,3,3,0,0,Shot by citizen,Yes,20,,,Male,,,Caucasian,,
499,2022-07-25,2022,Jul,Mon,4,28501,No,Yes,Kinston,NC,Outdoors,,1,No relationship,Pistol,1,0,0,1,2,2,2,0,0,0,0,0,0,0,2,2,2,0,0,Fled,Yes,24,,,Male,,,African American,,
500,2022-07-27,2022,Jul,Wed,0,48207,No,No,Detroit,MI,Outdoors,,1,No relationship,Shotgun,0,1,0,1,0,0,0,0,0,0,0,0,0,0,0,0,0,0,0,Fled,Yes,,,,Male,,,,,
501,2022-07-31,2022,Jul,Sun,2,48227,Yes,No,Detroit,MI,Other,,1,No relationship,Rifle,0,0,2,2,8,8,8,0,0,6,6,6,0,0,2,2,2,0,0,Subdued by police,No,36,,,Male,,,African American,,
502,2022-08-04,2022,Aug,Thu,19,87301,No,No,Gallup,NM,Outdoors,,1,No relationship,Vehicle,0,0,0,0,0,0,0,0,0,15,,13,2,0,0,,0,0,0,Subdued by police,No,33,,,Male,,,Latino,,
503,2022-08-14,2022,Aug,Sun,17,72209,No,Yes,Little Rock,AR,Business,,1,No relationship,Pistol,1,0,0,1,3,2,3,0,0,1,1,1,0,0,2,1,2,0,0,Fled,Yes,31,,,Male,,,African American,,
504,2022-08-17,2022,Aug,Wed,5,36830,No,Yes,Auburn,AL,Outdoors,,1,No relationship,Pistol,1,0,0,1,1,1,1,0,0,1,1,1,0,0,0,0,0,0,0,Fled,Yes,39,,,Male,,,African American,,
505,2022-08-28,2022,Aug,Sun,1,77074,No,No,Houston,TX,Other,,1,No relationship,Shotgun,0,1,0,1,6,6,6,0,0,3,3,3,0,0,3,3,3,0,0,Shot by police,No,54,,,Male,,,Caucasian,,
506,2022-08-28,2022,Aug,Sun,4,48221,No,Yes,Detroit,MI,Outdoors,,1,No relationship,Pistol,1,0,0,1,4,4,4,0,0,1,1,1,0,0,3,3,3,0,0,Fled,Yes,19,,,Male,,,African American,,
507,2022-08-28,2022,Aug,Sun,19,97701,No,No,Bend,OR,Business,,1,Other,Rifle,0,1,1,2,4,4,4,0,0,2,2,2,0,0,2,2,2,0,0,Suicide after police arrival,No,20,,,Male,,,Caucasian,,
508,2022-08-28,2022,Aug,Sun,20,85027,No,No,Phoenix,AZ,Outdoors,,1,No relationship,Rifle,0,0,1,1,7,7,5,2,0,5,5,3,2,0,2,2,2,0,0,Suicide after police arrival,No,24,,,Male,,,Caucasian,,
509,2022-09-07,2022,Sep,Wed,0,38112,No,No,Memphis,TN,Outdoors,,1,No relationship,Pistol,1,0,0,1,6,6,6,0,0,3,3,3,0,0,3,3,3,0,0,Fled,Yes,19,,,Male,,,African American,,
510,2022-10-05,2022,Oct,Wed,18,77523,Yes,Yes,Baytown,TX,Outdoors,,1,No relationship,Pistol,1,0,0,1,4,4,4,0,0,2,2,2,0,0,2,2,2,0,0,Shot by police,No,33,,,Male,,,Latino,,
511,2022-10-06,2022,Oct,Thu,11,89109,Yes,Yes,Las Vegas,NV,Outdoors,,1,No relationship,Knife,0,0,0,1,0,0,0,0,0,6,,6,0,0,2,,2,0,0,Fled,Yes,32,,,Male,,,Latino,,
512,2022-10-13,2022,Oct,Thu,17,27604,No,Yes,Raleigh,NC,Outdoors,,1,No relationship,Shotgun,1,1,0,3,6,7,5,1,0,1,2,1,0,0,4,5,3,1,0,Fled,Yes,15,,,Male,,,Caucasian,,
513,2022-10-24,2022,Oct,Mon,9,63139,No,No,St. Louis,MO,School,High school,1,Student,Rifle,0,0,1,1,9,9,9,0,0,7,7,7,0,0,2,2,2,0,0,Shot by police,No,19,,,Male,,,African American,,
514,2022-11-16,2022,Nov,Wed,6,90604,No,No,Los Angeles,CA,Outdoors,,1,No relationship,Vehicle,0,0,0,0,0,0,0,0,0,25,,0,25,0,0,,0,0,0,Subdued by police,No,22,,,Male,,,Latino,,
515,2022-11-19,2022,Nov,Sat,13,85392,No,Yes,Avondale,AZ,Outdoors,,1,No relationship,Pistol,1,0,0,1,3,3,3,0,0,2,2,2,0,0,1,1,1,0,0,Subdued by police,No,29,,,Male,,,African American,,
516,2022-11-19,2022,Nov,Sat,23,80917,No,No,Colorado Springs,CO,Business,,1,No relationship,Rifle,1,0,1,2,24,33,24,0,0,19,28,19,0,0,5,5,5,0,0,Subdued by citizens,Yes,22,,,Male,,,Caucasian,,
517,2022-11-22,2022,Nov,Tue,22,23320,No,No,Chesapeake,VA,Business,,1,Coworker,Pistol,1,0,0,1,12,12,12,0,0,6,6,6,0,0,6,6,6,0,0,Suicide before police arrival,Yes,31,,,Male,,,African American,,
518,2022-12-11,2022,Dec,Sun,20,17602,No,No,Lancaster,PA,Outdoors,,1,No relationship,Pistol,1,0,0,1,2,3,2,0,0,2,2,2,0,0,0,1,0,0,0,Suicide before police arrival,Yes,36,,,Male,,,African American,,
519,2022-12-14,2022,Dec,Wed,22,32819,No,Yes,Orange County,FL,Business,,1,No relationship,Rifle,0,0,1,1,2,2,1,0,1,2,2,1,0,1,0,0,0,0,0,Fled,Yes,19,,,Male,,,African American,,
520,2023-01-05,2023,Jan,Thu,14,15237,No,Yes,Ross Township & Pittsburgh,PA,Outdoors,,1,No relationship,Pistol,1,0,0,1,1,2,1,0,0,1,2,1,0,0,0,0,0,0,0,Fled,Yes,28,,,Male,,,African American,,
521,2023-01-12,2023,Jan,Thu,13,98057,No,Yes,Renton and SeaTac,WA,Outdoors,,1,No relationship,Pistol,1,0,0,1,3,3,3,0,0,2,2,2,0,0,1,1,1,0,0,Fled,Yes,32,,,Male,,,African American,,
522,2023-01-21,2023,Jan,Sat,22,91754,No,Yes,Monterey Park; Alhambra,CA,Business,,1,No relationship,Pistol,1,0,0,1,20,20,20,0,0,9,9,9,0,0,11,11,11,0,0,Subdued by citizens,Yes,72,,,Male,,,Asian,,
523,2023-01-23,2023,Jan,Mon,14,94019,No,Yes,Half Moon Bay,CA,Business,,1,Coworker,Pistol,1,0,0,1,8,8,8,0,0,1,1,1,0,0,7,7,7,0,0,Fled,Yes,66,,,Male,,,Asian,,
524,2023-01-24,2023,Jan,Tue,3,98901,No,No,Yakima,WA,Business,,1,No relationship,Pistol,1,0,0,1,3,3,3,0,0,0,0,0,0,0,3,3,3,0,0,Fled,Yes,21,,,Male,,,Caucasian,,
525,2023-01-27,2023,Jan,Fri,20,92114,No,Yes,San Diego,CA,Outdoors,,1,No relationship,Pistol,1,0,0,1,5,5,5,0,0,4,4,4,0,0,1,1,1,0,0,Fled,Yes,22,,,Male,,,Latino,,
526,2023-02-13,2023,Feb,Mon,20,48824,No,No,East Lansing,MI,School,University,1,No relationship,Pistol,1,0,0,1,8,8,8,0,0,5,5,5,0,0,3,3,3,0,0,Fled,Yes,43,,,Male,,,African American,,
527,2023-03-13,2023,Mar,Mon,16,79423,No,Yes,Lubbock,TX,Business,,1,No relationship,Pistol,1,0,0,1,4,4,4,0,0,3,3,3,0,0,1,1,1,0,0,Fled,Yes,49,,,Male,,,Caucasian,,
528,2023-03-22,2023,Mar,Wed,15,70733,No,Yes,French Settlement,LA,Outdoors,,1,No relationship,Pistol,1,0,0,1,1,1,1,0,0,1,1,1,0,0,0,0,0,0,0,Fled,Yes,45,,,Male,,,Caucasian,,
529,2023-03-27,2023,Mar,Mon,6,27610,No,No,Raleigh,NC,Outdoors,,1,No relationship,Pistol,1,0,0,1,0,0,0,0,0,0,0,0,0,0,0,0,0,0,0,Shot by police,No,31,,,Male,,,Latino,,
530,2023-03-27,2023,Mar,Mon,10,37215,No,No,Nashville,TN,School,Elementary school,1,Student,Rifle,1,0,2,3,6,7,6,0,0,0,1,0,0,0,6,6,6,0,0,Shot by police,No,28,,,Male,,,Caucasian,,
531,2023-03-28,2023,Mar,Tue,22,38104,Yes,No,Memphis,TN,Business,,1,No relationship,Rifle,0,0,1,1,2,2,1,0,1,2,2,1,0,1,0,0,0,0,0,Fled,Yes,31,,,Male,,,African American,,
532,2023-04-02,2023,Apr,Sun,3,85201,No,No,Mesa,AZ,Business,,1,No relationship,Pistol,1,0,0,1,2,2,2,0,0,2,2,2,0,0,0,0,0,0,0,Fled,Yes,30,,,Male,,,African American,,
533,2023-04-10,2023,Apr,Mon,8,40202,No,No,Louisville,KY,Business,,1,Other,Rifle,0,0,1,1,13,13,10,3,0,8,8,5,3,0,5,5,5,0,0,Shot by police,No,25,,,Male,,,Caucasian,,
534,2023-04-16,2023,Apr,Sun,16,90813,No,Yes,Long Beach,CA,Outdoors,,1,No relationship,Pistol,1,0,0,1,1,1,1,0,0,1,1,1,0,0,0,0,0,0,0,Shot by police,No,39,,,Male,,,Latino,,
535,2023-04-18,2023,Apr,Tue,9,74106,No,Yes,Tulsa,OK,Other,,1,No relationship,Pistol,1,0,0,1,2,2,2,0,0,0,0,0,0,0,2,2,2,0,0,Subdued by police,No,61,,,Male,,,African American,,
536,2023-04-20,2023,Apr,Thu,20,46240,No,No,Indianapolis,IN,Outdoors,,1,No relationship,Pistol,1,0,0,1,1,1,1,0,0,1,1,1,0,0,0,0,0,0,0,Subdued by police,No,25,,,Male,,,Caucasian,,
537,2023-04-25,2023,Apr,Tue,16,30312,No,Yes,Atlanta,GA,Outdoors,,1,No relationship,Pistol,2,0,0,2,2,2,2,0,0,2,2,2,0,0,0,0,0,0,0,Fled,Yes,23,,,Male,,,Latino,,
538,2023-04-29,2023,Apr,Sat,2,94605,No,No,Oakland,CA,Outdoors,,1,No relationship,Rifle,0,0,1,1,1,1,1,0,0,0,0,0,0,0,1,1,1,0,0,Subdued by police,No,39,,,Male,,,African American,,
539,2023-05-01,2023,May,Mon,19,84104,No,No,Salt Lake CIty,UT,Outdoors,,1,No relationship,Rifle,0,0,1,1,2,2,2,0,0,2,2,2,0,0,0,0,0,0,0,Fled,Yes,32,,,Male,,,Latino,,
540,2023-05-03,2023,May,Wed,11,30309,No,No,Atlanta,GA,Other,,1,No relationship,Pistol,1,0,0,1,5,5,5,0,0,4,4,4,0,0,1,1,1,0,0,Fled,Yes,24,,,Male,,,African American,,
541,2023-05-06,2023,May,Sat,15,75013,No,No,Allen,TX,Business,,1,No relationship,Rifle,0,0,1,1,15,15,14,0,1,7,7,7,0,0,8,8,7,0,1,Shot by police,No,33,,,Male,,,Latino,,
542,2023-05-15,2023,May,Mon,10,87401,No,Yes,Farmington,NM,Outdoors,,1,No relationship,Rifle,2,0,1,3,9,9,7,2,0,6,6,4,2,0,3,3,3,0,0,Shot by police,No,18,,,Male,,,Caucasian,,
543,2023-05-26,2023,May,Fri,14,85016,No,Yes,Phoenix; Mesa,AZ,Outdoors,,1,No relationship,Pistol,1,0,0,1,5,5,5,0,0,1,1,1,0,0,4,4,4,0,0,Fled,Yes,20,,,Male,,,African American,,
544,2023-06-06,2023,Jun,Tue,21,93654,No,Yes,Reedley,CA,Outdoors,,1,No relationship,Pistol,1,0,0,1,3,3,3,0,0,2,2,2,0,0,1,1,1,0,0,Shot by police,No,20,,,Male,,,Latino,,
545,2023-06-17,2023,Jun,Sat,10,17059,No,Yes,Mifflintown,PA,Outdoors,,1,No relationship,Rifle,0,0,1,1,2,2,0,2,0,1,1,0,1,0,1,1,0,1,0,Shot by police,No,38,,,Male,,,Caucasian,,
546,2023-06-17,2023,Jun,Sat,20,98848,No,No,Quincy,WA,Outdoors,,1,No relationship,Pistol,1,0,0,1,5,5,4,0,1,3,3,2,0,1,2,2,2,0,0,Subdued by police,No,26,,,Male,,,Asian,,
547,2023-06-23,2023,Jun,Fri,15,89109,No,No,Las Vegas,NV,Other,,1,No relationship,Rifle,0,0,1,1,0,0,0,0,0,0,0,0,0,0,0,0,0,0,0,Shot by citizen,Yes,32,,,Male,,,Caucasian,,
548,2023-07-03,2023,Jul,Mon,20,19143,No,Yes,Philadelphia,PA,Outdoors,,1,No relationship,Rifle,0,0,1,1,6,8,6,0,0,2,4,2,0,0,4,4,4,0,0,Subdued by police,No,40,,,Male,,,African American,,
549,2023-07-08,2023,Jul,Sat,11,11203,No,Yes,New York,NY,Outdoors,,1,No relationship,Pistol,1,0,0,1,4,4,4,0,0,3,3,3,0,0,1,1,1,0,0,Fled,Yes,25,,,Male,,,Latino,,
550,2023-07-14,2023,Jul,Fri,15,58104,No,No,Fargo,ND,Outdoors,,1,No relationship,Rifle,1,0,1,2,4,4,1,3,0,3,3,1,2,0,1,1,0,1,0,Shot by police,No,37,,,Male,,,Middle Eastern,,
551,2023-07-15,2023,Jul,Sat,10,30228,No,Yes,Hampton,GA,Outdoors,,1,No relationship,Rifle,1,0,1,2,7,7,6,1,0,3,3,2,1,0,4,4,4,0,0,Fled,No,40,,,Male,,,African American,,
552,2023-07-23,2023,Jul,Sun,2,93960,No,Yes,Monterey County,CA,Outdoors,,1,No relationship,Pistol,1,0,0,1,0,0,0,0,0,0,0,0,0,0,0,0,0,0,0,Fled,Yes,27,,,Male,,,Latino,,
553,2023-08-02,2023,Aug,Wed,8,64134,No,Yes,Kansas City,MO,Outdoors,,1,No relationship,Pistol,1,0,0,1,3,3,3,0,0,2,2,2,0,0,1,1,1,0,0,Fled,Yes,21,,,Male,,,African American,,
554,2023-08-11,2023,Aug,Fri,22,55404,No,No,Minneapolis,MN,Outdoors,,2,No relationship,Pistol,2,0,0,2,7,7,7,0,0,6,6,6,0,0,1,1,1,0,0,Fled,No,17,14,,Male,Male,,African American,African American,
555,2023-08-23,2023,Aug,Wed,19,92679,No,No,Trabuco Canyon,CA,Business,,1,No relationship,Shotgun,3,1,0,4,9,9,9,0,0,6,6,6,0,0,3,3,3,0,0,Shot by police,No,59,,,Male,,,Caucasian,,
556,2023-08-26,2023,Aug,Sat,13,32209,No,No,Jacksonville,FL,Business,,1,No relationship,Rifle,1,0,1,2,3,3,3,0,0,0,0,0,0,0,3,3,3,0,0,Suicide after police arrival,No,21,,,Male,,,Caucasian,,
557,2023-08-31,2023,Aug,Thu,17,78759,No,No,Austin,TX,Business,,1,No relationship,Pistol,1,0,0,1,2,2,2,0,0,1,1,1,0,0,1,1,1,0,0,Suicide before police arrival,Yes,38,,,Male,,,Asian,,
558,2023-09-21,2023,Sep,Thu,23,32550,No,Yes,Miramar Beach (Sandestin),FL,Outdoors,,1,No relationship,Pistol,1,0,0,1,2,2,2,0,0,1,1,1,0,0,1,1,1,0,0,Fled,Yes,21,,,Male,,,Caucasian,,
559,2023-09-25,2023,Sep,Mon,14,75210,No,Yes,Dallas,TX,Outdoors,,1,No relationship,Pistol,1,0,0,1,4,4,4,0,0,3,3,3,0,0,1,1,1,0,0,Fled,Yes,27,,,Male,,,African American,,
560,2023-10-24,2023,Oct,Tue,18,44035,No,Yes,Elyria,OH,Outdoors,,1,No relationship,Pistol,1,0,0,1,1,1,1,0,0,0,0,0,0,0,1,1,1,0,0,Fled,Yes,24,,,Male,,,African American,,
561,2023-10-25,2023,Oct,Wed,18,04240,No,Yes,Lewiston,ME,Business,,1,No relationship,Rifle,0,0,1,1,31,31,31,0,0,13,13,13,0,0,18,18,18,0,0,Fled,Yes,40,,,Male,,,Caucasian,,
562,2023-10-29,2023,Oct,Sun,1,60623,Yes,No,Chicago,IL,Business,,1,No relationship,Pistol,1,0,0,1,15,15,15,0,0,15,15,15,0,0,0,0,0,0,0,Fled,Yes,48,,,Male,,,African American,,
563,2023-11-17,2023,Nov,Fri,15,03301,No,No,Concord,NH,Other,,1,No relationship,Pistol,1,0,0,1,1,1,0,0,1,0,0,0,0,0,1,1,0,0,1,Shot by police,No,33,,,Male,,,Caucasian,,
564,2023-11-20,2023,Nov,Mon,20,45431,No,No,Beavercreek,OH,Business,,1,No relationship,Rifle,0,0,1,1,3,4,3,0,0,3,4,3,0,0,0,0,0,0,0,Suicide after police arrival,No,20,,,Male,,,Caucasian,,
565,2023-11-25,2023,Nov,Sat,18,05401,No,No,Burlington,VT,Outdoors,,1,No relationship,Pistol,1,0,0,1,3,3,3,0,0,3,3,3,0,0,0,0,0,0,0,Fled,Yes,48,,,Male,,,Caucasian,,
566,2023-12-06,2023,Dec,Wed,11,89154,No,No,Las Vegas,NV,School,University,1,No relationship,Pistol,1,0,0,1,4,4,4,0,0,1,1,1,0,0,3,3,3,0,0,Shot by police,No,67,,,Male,,,Latino,,
567,2023-12-06,2023,Dec,Wed,21,98003,No,Yes,Federal Way,WA,Outdoors,,1,No relationship,Pistol,1,0,0,1,1,1,1,0,0,1,1,1,0,0,0,0,0,0,0,Fled,Yes,28,,,Male,,,Latino,,
13,2001-05-07,2001,May,Mon,7,99508,No,No,Anchorage,AK,School,Elementary school,1,No relationship,Knife,0,0,0,1,0,0,0,0,0,4,,4,0,0,0,,0,0,0,Subdued by police,No,33,,,Male,,,Caucasian,,
385,2020-07-30,2020,Jul,Thu,6,99577,No,No,Eagle River,AK,Outdoors,,1,No relationship,Rifle,0,0,1,1,1,1,1,0,0,1,1,1,0,0,0,0,0,0,0,Shot by police,No,57,,,Male,,,Caucasian,,
360,2019-12-04,2019,Dec,Wed,14,96860,No,No,Pearl Harbor,HI,Other,,1,Coworker,Rifle,1,0,1,2,3,3,3,0,0,1,1,1,0,0,2,2,2,0,0,Suicide before police arrival,Yes,22,,,Male,,,Latino,,
